time_s,temperature_C,pwm,direction
0.0,21.9,82,HEAT
0.52,21.9,82,HEAT
1.04,21.9,82,HEAT
1.57,21.9,82,HEAT
2.09,21.9,82,HEAT
2.61,21.9,82,HEAT
3.14,21.9,82,HEAT
3.66,21.9,82,HEAT
4.18,21.9,82,HEAT
4.7,21.9,82,HEAT
5.23,21.99,82,HEAT
5.75,21.9,82,HEAT
6.27,21.9,82,HEAT
6.79,21.9,82,HEAT
7.32,21.9,82,HEAT
7.84,21.99,82,HEAT
8.36,21.9,82,HEAT
8.88,21.9,82,HEAT
9.4,21.82,82,HEAT
9.93,21.9,82,HEAT
10.45,21.9,82,HEAT
10.97,21.9,82,HEAT
11.5,21.9,82,HEAT
12.02,21.9,82,HEAT
12.54,21.9,82,HEAT
13.07,21.9,82,HEAT
13.59,21.9,82,HEAT
14.11,21.9,82,HEAT
14.64,21.9,82,HEAT
15.16,21.9,82,HEAT
15.68,21.9,82,HEAT
16.21,21.9,82,HEAT
16.73,21.9,82,HEAT
17.25,21.9,82,HEAT
17.78,21.9,82,HEAT
18.3,21.9,82,HEAT
18.83,21.9,82,HEAT
19.35,21.9,82,HEAT
19.87,21.9,82,HEAT
20.4,21.9,82,HEAT
20.92,21.9,82,HEAT
21.44,21.9,82,HEAT
21.97,21.9,82,HEAT
22.49,21.9,82,HEAT
23.01,21.9,82,HEAT
23.54,21.9,82,HEAT
24.06,21.9,82,HEAT
24.58,21.9,82,HEAT
25.11,21.99,82,HEAT
25.63,21.99,82,HEAT
26.15,21.99,82,HEAT
26.68,21.9,82,HEAT
27.2,21.9,82,HEAT
27.72,21.9,82,HEAT
28.25,21.9,82,HEAT
28.77,21.82,82,HEAT
29.3,21.82,82,HEAT
29.82,21.9,82,HEAT
30.35,21.82,82,HEAT
30.87,21.82,82,HEAT
31.39,21.82,82,HEAT
31.92,21.9,82,HEAT
32.44,21.82,82,HEAT
32.97,21.82,82,HEAT
33.49,21.9,82,HEAT
34.02,21.82,82,HEAT
34.54,21.82,82,HEAT
35.07,21.82,82,HEAT
35.59,21.82,82,HEAT
36.12,21.9,82,HEAT
36.64,21.82,82,HEAT
37.17,21.82,82,HEAT
37.69,21.9,82,HEAT
38.21,21.82,82,HEAT
38.74,21.82,82,HEAT
39.26,21.82,82,HEAT
39.79,21.9,82,HEAT
40.31,21.82,82,HEAT
40.84,21.82,82,HEAT
41.36,21.82,82,HEAT
41.88,21.82,82,HEAT
42.41,21.82,82,HEAT
42.93,21.9,82,HEAT
43.46,21.9,82,HEAT
43.98,21.82,82,HEAT
44.51,21.82,82,HEAT
45.03,21.82,82,HEAT
45.56,21.9,82,HEAT
46.08,21.9,82,HEAT
46.61,21.82,82,HEAT
47.13,21.82,82,HEAT
47.65,21.82,82,HEAT
48.18,21.9,82,HEAT
48.7,21.82,82,HEAT
49.23,21.9,82,HEAT
49.75,21.82,82,HEAT
50.28,21.82,82,HEAT
50.8,21.9,82,HEAT
51.33,21.82,82,HEAT
51.85,21.82,82,HEAT
52.38,21.82,82,HEAT
52.9,21.82,82,HEAT
53.43,21.9,82,HEAT
53.95,21.82,82,HEAT
54.47,21.82,82,HEAT
55.0,21.82,82,HEAT
55.52,21.82,82,HEAT
56.05,21.82,82,HEAT
56.57,21.82,82,HEAT
57.1,21.82,82,HEAT
57.62,21.82,82,HEAT
58.15,21.82,82,HEAT
58.67,21.82,82,HEAT
59.2,21.82,82,HEAT
59.72,21.82,82,HEAT
60.24,21.9,82,HEAT
60.77,21.82,82,HEAT
61.29,21.9,82,HEAT
61.82,21.82,82,HEAT
62.34,21.82,82,HEAT
62.87,21.9,82,HEAT
63.39,21.82,82,HEAT
63.92,21.82,82,HEAT
64.44,21.82,82,HEAT
64.96,21.82,82,HEAT
65.49,21.82,82,HEAT
66.01,21.9,82,HEAT
66.54,21.82,82,HEAT
67.06,21.82,82,HEAT
67.59,21.82,82,HEAT
68.11,21.82,82,HEAT
68.64,21.9,82,HEAT
69.16,21.82,82,HEAT
69.69,21.82,82,HEAT
70.21,21.82,82,HEAT
70.73,21.9,82,HEAT
71.26,21.82,82,HEAT
71.78,21.82,82,HEAT
72.31,21.82,82,HEAT
72.83,21.82,82,HEAT
73.36,21.82,82,HEAT
73.88,21.82,82,HEAT
74.41,21.82,82,HEAT
74.93,21.9,82,HEAT
75.45,21.82,82,HEAT
75.98,21.82,82,HEAT
76.5,21.82,82,HEAT
77.03,21.82,82,HEAT
77.55,21.9,82,HEAT
78.08,21.9,82,HEAT
78.6,21.82,82,HEAT
79.13,21.82,82,HEAT
79.65,21.82,82,HEAT
80.18,21.9,82,HEAT
80.7,21.82,82,HEAT
81.22,21.82,82,HEAT
81.75,21.82,82,HEAT
82.27,21.82,82,HEAT
82.8,21.9,82,HEAT
83.32,21.82,82,HEAT
83.85,21.82,82,HEAT
84.37,21.82,82,HEAT
84.9,21.82,82,HEAT
85.42,21.82,82,HEAT
85.95,21.82,82,HEAT
86.47,21.82,82,HEAT
87.0,21.82,82,HEAT
87.52,21.82,82,HEAT
88.04,21.9,82,HEAT
88.57,21.82,82,HEAT
89.09,21.82,82,HEAT
89.62,21.82,82,HEAT
90.14,21.82,82,HEAT
90.67,21.82,82,HEAT
91.19,21.82,82,HEAT
91.72,21.82,82,HEAT
92.24,21.82,82,HEAT
92.76,21.82,82,HEAT
93.29,21.82,82,HEAT
93.81,21.9,82,HEAT
94.34,21.82,82,HEAT
94.86,21.82,82,HEAT
95.39,21.82,82,HEAT
95.91,21.82,82,HEAT
96.44,21.9,82,HEAT
96.96,21.82,82,HEAT
97.48,21.82,82,HEAT
98.01,21.82,82,HEAT
98.54,21.82,82,HEAT
99.06,21.82,82,HEAT
99.58,21.82,82,HEAT
100.11,21.82,82,HEAT
100.63,21.82,82,HEAT
101.16,21.82,82,HEAT
101.68,21.82,82,HEAT
102.21,21.82,82,HEAT
102.74,21.82,82,HEAT
103.26,21.82,82,HEAT
103.79,21.9,82,HEAT
104.31,21.82,82,HEAT
104.84,21.82,82,HEAT
105.36,21.82,82,HEAT
105.89,21.82,82,HEAT
106.42,21.82,82,HEAT
106.94,21.82,82,HEAT
107.47,21.82,82,HEAT
107.99,21.82,82,HEAT
108.52,21.82,82,HEAT
109.04,21.82,82,HEAT
109.57,21.82,82,HEAT
110.09,21.82,82,HEAT
110.62,21.82,82,HEAT
111.14,21.82,82,HEAT
111.67,21.9,82,HEAT
112.2,21.82,82,HEAT
112.72,21.82,82,HEAT
113.25,21.82,82,HEAT
113.77,21.82,82,HEAT
114.3,21.82,82,HEAT
114.82,21.82,82,HEAT
115.35,21.82,82,HEAT
115.87,21.82,82,HEAT
116.4,21.82,82,HEAT
116.93,21.82,82,HEAT
117.45,21.82,82,HEAT
117.98,21.82,82,HEAT
118.5,21.82,82,HEAT
119.03,21.82,82,HEAT
119.55,21.82,82,HEAT
120.08,21.9,82,HEAT
120.61,21.9,82,HEAT
121.13,21.82,82,HEAT
121.66,21.82,82,HEAT
122.18,21.82,82,HEAT
122.71,21.82,82,HEAT
123.23,21.82,82,HEAT
123.76,21.82,82,HEAT
124.28,21.9,82,HEAT
124.81,21.9,82,HEAT
125.34,21.82,82,HEAT
125.86,21.82,82,HEAT
126.39,21.9,82,HEAT
126.91,21.82,82,HEAT
127.44,21.82,82,HEAT
127.96,21.9,82,HEAT
128.49,21.82,82,HEAT
129.02,21.82,82,HEAT
129.54,21.82,82,HEAT
130.07,21.82,82,HEAT
130.59,21.82,82,HEAT
131.12,21.9,82,HEAT
131.64,21.82,82,HEAT
132.17,21.82,82,HEAT
132.7,21.82,82,HEAT
133.22,21.82,82,HEAT
133.75,21.82,82,HEAT
134.27,21.82,82,HEAT
134.8,21.82,82,HEAT
135.32,21.82,82,HEAT
135.85,21.82,82,HEAT
136.37,21.82,82,HEAT
136.9,21.82,82,HEAT
137.42,21.82,82,HEAT
137.95,21.82,82,HEAT
138.48,21.82,82,HEAT
139.0,21.82,82,HEAT
139.53,21.82,82,HEAT
140.05,21.82,82,HEAT
140.58,21.9,82,HEAT
141.1,21.82,82,HEAT
141.63,21.82,82,HEAT
142.15,21.82,82,HEAT
142.68,21.82,82,HEAT
143.21,21.82,82,HEAT
143.73,21.82,82,HEAT
144.26,21.82,82,HEAT
144.78,21.82,82,HEAT
145.31,21.82,82,HEAT
145.83,21.82,82,HEAT
146.36,21.82,82,HEAT
146.88,21.82,82,HEAT
147.41,21.82,82,HEAT
147.94,21.82,82,HEAT
148.46,21.82,82,HEAT
148.99,21.82,82,HEAT
149.51,21.82,82,HEAT
150.04,21.82,82,HEAT
150.56,21.82,82,HEAT
151.09,21.82,82,HEAT
151.62,21.82,82,HEAT
152.14,21.82,82,HEAT
152.67,21.82,82,HEAT
153.19,21.82,82,HEAT
153.72,21.82,82,HEAT
154.24,21.82,82,HEAT
154.77,21.9,82,HEAT
155.29,21.82,82,HEAT
155.82,21.82,82,HEAT
156.35,21.82,82,HEAT
156.87,21.82,82,HEAT
157.4,21.9,82,HEAT
157.92,21.82,82,HEAT
158.45,21.82,82,HEAT
158.97,21.82,82,HEAT
159.5,21.82,82,HEAT
160.02,21.82,82,HEAT
160.55,21.82,82,HEAT
161.08,21.82,82,HEAT
161.6,21.82,82,HEAT
162.13,21.82,82,HEAT
162.65,21.82,82,HEAT
163.18,21.82,82,HEAT
163.7,21.82,82,HEAT
164.23,21.82,82,HEAT
164.75,21.82,82,HEAT
165.28,21.82,82,HEAT
165.81,21.82,82,HEAT
166.33,21.82,82,HEAT
166.86,21.82,82,HEAT
167.38,21.82,82,HEAT
167.91,21.82,82,COOL
168.43,21.82,82,COOL
168.96,21.82,82,COOL
169.49,21.82,82,COOL
170.01,21.82,82,COOL
170.54,21.82,82,COOL
171.06,21.82,82,COOL
171.59,21.82,82,COOL
172.11,21.82,82,COOL
172.64,21.82,82,COOL
173.16,21.82,82,COOL
173.69,21.82,82,COOL
174.22,21.82,82,COOL
174.74,21.82,82,COOL
175.27,21.82,82,COOL
175.79,21.82,82,COOL
176.32,21.82,82,COOL
176.84,21.82,82,COOL
177.37,21.82,82,COOL
177.89,21.82,82,COOL
178.42,21.82,82,COOL
178.95,21.82,82,COOL
179.47,21.82,82,COOL
180.0,21.82,82,COOL
180.52,21.73,82,COOL
181.05,21.82,82,COOL
181.57,21.82,82,COOL
182.1,21.82,82,COOL
182.62,21.82,82,COOL
183.15,21.82,82,COOL
183.68,21.82,82,COOL
184.2,21.82,82,COOL
184.73,21.82,82,COOL
185.25,21.82,82,COOL
185.78,21.82,82,COOL
186.3,21.82,82,COOL
186.83,21.82,82,COOL
187.35,21.82,82,COOL
187.88,21.82,82,COOL
188.41,21.82,82,COOL
188.93,21.73,82,COOL
189.46,21.82,82,COOL
189.98,21.82,82,COOL
190.51,21.82,82,COOL
191.03,21.82,82,COOL
191.56,21.82,82,COOL
192.08,21.82,82,COOL
192.61,21.73,82,COOL
193.13,21.73,82,COOL
193.66,21.9,82,COOL
194.19,21.82,82,COOL
194.71,21.82,82,COOL
195.24,21.82,82,COOL
195.76,21.82,82,COOL
196.29,21.82,82,COOL
196.81,21.82,82,COOL
197.34,21.73,82,COOL
197.87,21.82,82,COOL
198.39,21.82,82,COOL
198.92,21.73,82,COOL
199.44,21.82,82,COOL
199.97,21.82,82,COOL
200.49,21.82,82,COOL
201.02,21.73,82,COOL
201.54,21.82,82,COOL
202.07,21.82,82,COOL
202.6,21.82,82,COOL
203.12,21.73,82,COOL
203.65,21.82,82,COOL
204.17,21.82,82,COOL
204.7,21.82,82,COOL
205.22,21.82,82,COOL
205.75,21.82,82,COOL
206.27,21.82,82,COOL
206.8,21.73,82,COOL
207.33,21.82,82,COOL
207.85,21.82,82,COOL
208.38,21.82,82,COOL
208.9,21.73,82,COOL
209.43,21.73,82,COOL
209.95,21.73,82,COOL
210.48,21.73,82,COOL
211.01,21.82,82,COOL
211.53,21.82,82,COOL
212.06,21.73,82,COOL
212.58,21.82,82,COOL
213.11,21.82,82,COOL
213.63,21.82,82,COOL
214.16,21.82,82,COOL
214.68,21.73,82,COOL
215.21,21.73,82,COOL
215.74,21.82,82,COOL
216.26,21.73,82,COOL
216.79,21.73,82,COOL
217.31,21.82,82,COOL
217.84,21.73,82,COOL
218.36,21.82,82,COOL
218.89,21.82,82,COOL
219.41,21.73,82,COOL
219.94,21.73,82,COOL
220.47,21.73,82,COOL
220.99,21.73,82,COOL
221.52,21.73,82,COOL
222.04,21.82,82,COOL
222.57,21.82,82,COOL
223.09,21.73,82,COOL
223.62,21.73,82,COOL
224.14,21.73,82,COOL
224.67,21.73,82,COOL
225.2,21.82,82,COOL
225.72,21.73,82,COOL
226.25,21.73,82,COOL
226.77,21.73,82,COOL
227.3,21.73,82,COOL
227.82,21.73,82,COOL
228.35,21.73,82,COOL
228.88,21.73,82,COOL
229.4,21.82,82,COOL
229.93,21.73,82,COOL
230.45,21.82,82,COOL
230.98,21.82,82,COOL
231.5,21.73,82,COOL
232.03,21.73,82,COOL
232.55,21.73,82,COOL
233.08,21.73,82,COOL
233.61,21.82,82,COOL
234.13,21.73,82,COOL
234.66,21.73,82,COOL
235.18,21.73,82,COOL
235.71,21.73,82,COOL
236.23,21.73,82,COOL
236.76,21.73,82,COOL
237.28,21.73,82,COOL
237.81,21.73,82,COOL
238.33,21.82,82,COOL
238.86,21.73,82,COOL
239.39,21.73,82,COOL
239.91,21.82,82,COOL
240.44,21.82,82,COOL
240.96,21.73,82,COOL
241.49,21.73,82,COOL
242.01,21.82,82,COOL
242.54,21.82,82,COOL
243.07,21.73,82,COOL
243.59,21.73,82,COOL
244.12,21.73,82,COOL
244.64,21.82,82,COOL
245.17,21.82,82,COOL
245.69,21.82,82,COOL
246.22,21.73,82,COOL
246.74,21.73,82,COOL
247.27,21.82,82,COOL
247.8,21.82,82,COOL
248.32,21.82,82,COOL
248.85,21.73,82,COOL
249.37,21.73,82,COOL
249.9,21.73,82,COOL
250.42,21.73,82,COOL
250.95,21.82,82,COOL
251.47,21.73,82,COOL
252.0,21.82,82,COOL
252.52,21.73,82,COOL
253.05,21.73,82,COOL
253.58,21.82,82,COOL
254.1,21.73,82,COOL
254.63,21.73,82,COOL
255.15,21.73,82,COOL
255.68,21.73,82,COOL
256.2,21.73,82,COOL
256.73,21.73,82,COOL
257.26,21.73,82,COOL
257.78,21.73,82,COOL
258.31,21.73,82,COOL
258.83,21.82,82,COOL
259.36,21.82,82,COOL
259.88,21.73,82,COOL
260.41,21.73,82,COOL
260.93,21.73,82,COOL
261.46,21.73,82,COOL
261.99,21.73,82,COOL
262.51,21.73,82,COOL
263.04,21.73,82,COOL
263.56,21.73,82,COOL
264.09,21.82,82,COOL
264.61,21.73,82,COOL
265.14,21.73,82,COOL
265.67,21.73,82,COOL
266.19,21.73,82,COOL
266.72,21.82,82,COOL
267.24,21.82,82,COOL
267.77,21.73,82,COOL
268.29,21.82,82,COOL
268.82,21.73,82,COOL
269.34,21.82,82,COOL
269.87,21.82,82,COOL
270.39,21.73,82,COOL
270.92,21.73,82,COOL
271.45,21.73,82,COOL
271.97,21.73,82,COOL
272.5,21.73,82,COOL
273.02,21.73,82,COOL
273.55,21.73,82,COOL
274.07,21.73,82,COOL
274.6,21.73,82,COOL
275.13,21.73,82,COOL
275.65,21.73,82,COOL
276.18,21.82,82,COOL
276.7,21.73,82,COOL
277.23,21.73,82,COOL
277.75,21.73,82,COOL
278.28,21.73,82,COOL
278.8,21.82,82,COOL
279.33,21.73,82,COOL
279.86,21.73,82,COOL
280.38,21.73,82,COOL
280.91,21.73,82,COOL
281.43,21.73,82,COOL
281.96,21.82,82,COOL
282.48,21.73,82,COOL
283.01,21.73,82,COOL
283.53,21.73,82,COOL
284.06,21.82,82,COOL
284.58,21.82,82,COOL
285.11,21.73,82,COOL
285.64,21.73,82,COOL
286.16,21.73,82,COOL
286.69,21.73,82,COOL
287.21,21.73,82,COOL
287.74,21.73,82,COOL
288.27,21.82,82,COOL
288.79,21.73,82,COOL
289.32,21.82,82,COOL
289.84,21.73,82,COOL
290.37,21.82,82,COOL
290.89,21.9,82,COOL
291.42,21.82,82,COOL
291.94,21.82,82,COOL
292.47,21.82,82,COOL
293.0,21.73,82,COOL
293.52,21.73,82,COOL
294.05,21.73,82,COOL
294.57,21.82,82,COOL
295.1,21.82,82,COOL
295.62,21.82,82,COOL
296.15,21.82,82,COOL
296.67,21.73,82,COOL
297.2,21.73,82,COOL
297.72,21.73,82,COOL
298.25,21.73,82,COOL
298.78,21.82,82,COOL
299.3,21.73,82,COOL
299.83,21.73,82,COOL
300.35,21.73,82,COOL
300.88,21.73,82,COOL
301.4,21.73,82,COOL
301.93,21.73,82,COOL
302.45,21.73,82,COOL
302.98,21.73,82,COOL
303.51,21.73,82,COOL
304.03,21.73,82,COOL
304.56,21.73,82,COOL
305.08,21.82,82,COOL
305.61,21.73,82,COOL
306.13,21.82,82,COOL
306.66,21.82,82,COOL
307.19,21.73,82,COOL
307.71,21.73,82,COOL
308.24,21.73,82,COOL
308.76,21.73,82,COOL
309.29,21.73,82,COOL
309.81,21.73,82,COOL
310.34,21.73,82,COOL
310.86,21.73,82,COOL
311.39,21.82,82,COOL
311.92,21.73,82,COOL
312.44,21.73,82,COOL
312.97,21.73,82,COOL
313.49,21.73,82,COOL
314.02,21.73,82,COOL
314.54,21.82,82,COOL
315.07,21.82,82,COOL
315.59,21.73,82,COOL
316.12,21.73,82,COOL
316.64,21.73,82,COOL
317.17,21.82,82,COOL
317.7,21.73,82,COOL
318.22,21.73,82,COOL
318.75,21.82,82,COOL
319.27,21.73,82,COOL
319.8,21.82,82,COOL
320.32,21.73,82,COOL
320.85,21.73,82,COOL
321.38,21.73,82,COOL
321.9,21.82,82,COOL
322.43,21.73,82,COOL
322.95,21.73,82,COOL
323.48,21.73,82,COOL
324.0,21.73,82,COOL
324.53,21.82,82,COOL
325.05,21.82,82,COOL
325.58,21.73,82,COOL
326.11,21.73,82,COOL
326.63,21.73,82,COOL
327.16,21.73,82,COOL
327.68,21.73,82,COOL
328.21,21.73,82,COOL
328.73,21.73,82,COOL
329.26,21.73,82,COOL
329.79,21.73,82,COOL
330.31,21.73,82,COOL
330.83,21.73,82,COOL
331.36,21.82,82,COOL
331.89,21.73,82,COOL
332.41,21.82,82,COOL
332.94,21.73,82,COOL
333.46,21.73,82,COOL
333.99,21.73,82,COOL
334.52,21.73,82,COOL
335.04,21.73,82,COOL
335.57,21.73,82,COOL
336.09,21.73,82,COOL
336.62,21.82,82,COOL
337.14,21.73,82,COOL
337.67,21.73,82,COOL
338.19,21.73,82,COOL
338.72,21.73,82,COOL
339.25,21.73,82,COOL
339.77,21.73,82,COOL
340.3,21.73,82,COOL
340.82,21.73,82,COOL
341.35,21.73,82,COOL
341.87,21.82,82,COOL
342.4,21.73,82,COOL
342.92,21.73,82,COOL
343.45,21.73,82,COOL
343.98,21.73,82,COOL
344.5,21.73,82,COOL
345.03,21.82,82,COOL
345.55,21.73,82,COOL
346.08,21.73,82,COOL
346.6,21.73,82,COOL
347.13,21.73,82,COOL
347.66,21.73,82,COOL
348.18,21.73,82,COOL
348.7,21.73,82,COOL
349.23,21.82,82,COOL
349.76,21.73,82,COOL
350.28,21.73,82,COOL
350.81,21.73,82,COOL
351.33,21.82,82,COOL
351.86,21.73,82,COOL
352.39,21.73,82,COOL
352.91,21.73,82,COOL
353.44,21.73,82,COOL
353.96,21.73,82,COOL
354.49,21.73,82,COOL
355.01,21.73,82,COOL
355.54,21.73,82,COOL
356.06,21.73,82,COOL
356.59,21.73,82,COOL
357.11,21.73,82,COOL
357.64,21.73,82,COOL
358.17,21.73,82,COOL
358.69,21.73,82,COOL
359.22,21.73,82,COOL
359.74,21.73,82,COOL
360.27,21.73,82,COOL
360.79,21.73,82,COOL
361.32,21.73,82,COOL
361.85,21.73,82,COOL
362.37,21.73,82,COOL
362.9,21.73,82,COOL
363.42,21.73,82,COOL
363.95,21.73,82,COOL
364.47,21.73,82,COOL
365.0,21.73,82,COOL
365.52,21.73,82,COOL
366.05,21.73,82,COOL
366.58,21.73,82,COOL
367.1,21.73,82,COOL
367.63,21.73,82,COOL
368.15,21.56,83,COOL
368.68,21.73,82,COOL
369.2,21.73,82,COOL
369.73,21.64,82,COOL
370.25,21.73,82,COOL
370.78,21.73,82,COOL
371.3,21.73,82,COOL
371.83,21.73,82,COOL
372.36,21.73,82,COOL
372.88,21.73,82,COOL
373.41,21.73,82,COOL
373.93,21.73,82,COOL
374.46,21.73,82,COOL
374.98,21.73,82,COOL
375.51,21.73,82,COOL
376.04,21.73,82,COOL
376.56,21.73,82,COOL
377.09,21.73,82,COOL
377.61,21.73,82,COOL
378.14,21.73,82,COOL
378.66,21.73,82,COOL
379.19,21.73,82,COOL
379.71,21.73,82,COOL
380.24,21.73,82,COOL
380.77,21.73,82,COOL
381.29,21.64,82,COOL
381.82,21.73,82,COOL
382.34,21.73,82,COOL
382.87,21.64,82,COOL
383.39,21.64,82,COOL
383.92,21.64,82,COOL
384.45,21.64,82,COOL
384.97,21.64,82,COOL
385.5,21.64,82,COOL
386.02,21.64,83,COOL
386.55,21.64,82,COOL
387.07,21.64,82,COOL
387.6,21.64,83,COOL
388.12,21.64,82,COOL
388.65,21.64,83,COOL
389.17,21.64,82,COOL
389.7,21.64,82,COOL
390.23,21.73,82,COOL
390.75,21.64,83,COOL
391.28,21.64,82,COOL
391.8,21.64,82,COOL
392.33,21.64,82,COOL
392.85,21.73,82,COOL
393.38,21.64,82,COOL
393.91,21.64,82,COOL
394.43,21.64,83,COOL
394.96,21.64,82,COOL
395.48,21.64,82,COOL
396.01,21.64,82,COOL
396.53,21.64,82,COOL
397.06,21.64,82,COOL
397.58,21.64,82,COOL
398.11,21.64,82,COOL
398.64,21.64,82,COOL
399.16,21.73,82,COOL
399.69,21.64,82,COOL
400.21,21.64,82,COOL
400.74,21.64,83,COOL
401.26,21.73,82,COOL
401.79,21.64,82,COOL
402.31,21.64,83,COOL
402.84,21.64,82,COOL
403.36,21.64,82,COOL
403.89,21.64,82,COOL
404.42,21.64,82,COOL
404.94,21.64,82,COOL
405.47,21.64,82,COOL
405.99,21.64,82,COOL
406.52,21.64,83,COOL
407.05,21.64,82,COOL
407.57,21.64,82,COOL
408.1,21.64,83,COOL
408.62,21.64,82,COOL
0.5,21.56,0,HEAT
1.0,21.56,0,HEAT
1.5,21.64,0,HEAT
2.0,21.64,0,HEAT
2.5,21.56,0,HEAT
3.0,21.56,0,HEAT
3.5,21.56,0,HEAT
4.0,21.56,0,HEAT
4.5,21.56,0,HEAT
5.0,21.56,0,HEAT
5.5,21.56,0,HEAT
6.16,21.56,25,HEAT
6.63,21.56,50,HEAT
7.12,21.56,76,HEAT
7.62,21.56,76,HEAT
8.12,21.56,76,HEAT
8.62,21.56,76,HEAT
9.12,21.56,76,HEAT
9.62,21.56,76,HEAT
10.12,21.56,76,HEAT
10.62,21.56,76,HEAT
11.12,21.56,76,HEAT
11.62,21.56,76,HEAT
12.12,21.56,76,HEAT
12.62,21.56,76,HEAT
13.12,21.56,76,HEAT
13.62,21.56,76,HEAT
14.12,21.56,76,HEAT
14.62,21.56,76,HEAT
15.12,21.56,76,HEAT
15.62,21.56,76,HEAT
16.12,21.56,76,HEAT
16.62,21.56,76,HEAT
17.12,21.56,76,HEAT
17.62,21.56,76,HEAT
18.12,21.56,76,HEAT
18.62,21.56,76,HEAT
19.12,21.56,76,HEAT
19.62,21.56,76,HEAT
20.12,21.56,76,HEAT
20.62,21.56,76,HEAT
21.12,21.56,76,HEAT
21.62,21.56,76,HEAT
22.12,21.56,76,HEAT
22.62,21.56,76,HEAT
23.12,21.56,76,HEAT
23.62,21.56,76,HEAT
24.12,21.56,76,HEAT
24.62,21.56,76,HEAT
25.12,21.56,76,HEAT
25.62,21.56,76,HEAT
26.12,21.56,76,HEAT
26.62,21.56,76,HEAT
27.12,21.56,76,HEAT
27.62,21.56,76,HEAT
28.12,21.56,76,HEAT
28.62,21.56,76,HEAT
29.12,21.56,76,HEAT
29.62,21.56,76,HEAT
30.12,21.56,76,HEAT
30.62,21.56,76,HEAT
31.12,21.56,76,HEAT
31.62,21.56,76,HEAT
32.12,21.56,76,HEAT
32.62,21.56,76,HEAT
33.12,21.56,76,HEAT
33.62,21.56,76,HEAT
34.12,21.56,76,HEAT
34.62,21.56,76,HEAT
35.12,21.56,76,HEAT
35.62,21.56,76,HEAT
36.12,21.56,76,HEAT
36.62,21.56,76,HEAT
37.12,21.64,76,HEAT
37.62,21.56,76,HEAT
38.12,21.56,76,HEAT
38.62,21.56,76,HEAT
39.12,21.56,76,HEAT
39.62,21.56,76,HEAT
40.12,21.56,76,HEAT
40.62,21.56,76,HEAT
41.12,21.56,76,HEAT
41.62,21.56,76,HEAT
42.12,21.56,76,HEAT
42.62,21.56,76,HEAT
43.12,21.56,76,HEAT
43.62,21.73,76,HEAT
44.12,21.99,76,HEAT
44.62,22.51,76,HEAT
45.12,22.68,76,HEAT
45.62,23.21,76,HEAT
46.12,23.38,76,HEAT
46.62,23.82,76,HEAT
47.12,24.08,76,HEAT
47.62,24.78,76,HEAT
48.12,24.96,76,HEAT
48.62,25.22,76,HEAT
49.12,25.48,76,HEAT
49.62,25.84,76,HEAT
50.12,26.19,76,HEAT
50.62,26.37,76,HEAT
51.12,26.64,76,HEAT
51.62,26.99,76,HEAT
52.12,27.26,76,HEAT
52.62,27.62,76,HEAT
53.12,27.71,76,HEAT
53.62,28.16,76,HEAT
54.12,28.52,76,HEAT
54.62,28.71,76,HEAT
55.25,29.07,101,HEAT
55.72,29.43,115,HEAT
56.22,29.89,115,HEAT
56.72,29.89,115,HEAT
57.22,30.54,115,HEAT
57.72,30.91,115,HEAT
58.22,31.38,115,HEAT
58.72,31.75,115,HEAT
59.22,32.32,115,HEAT
59.72,32.41,115,HEAT
60.22,32.98,115,HEAT
60.72,33.37,115,HEAT
61.22,33.75,115,HEAT
61.72,34.14,116,HEAT
62.26,34.53,171,HEAT
62.76,34.82,229,HEAT
63.22,35.61,229,HEAT
63.72,36.31,229,HEAT
64.22,37.12,229,HEAT
64.73,38.05,229,HEAT
65.23,38.77,229,HEAT
65.73,39.94,229,HEAT
66.23,40.59,229,HEAT
66.73,41.35,229,HEAT
67.23,42.01,229,HEAT
67.73,42.91,229,HEAT
68.23,44.06,229,HEAT
68.73,44.41,229,HEAT
69.23,45.12,229,HEAT
69.73,45.84,229,HEAT
70.23,46.57,229,HEAT
70.73,47.19,229,HEAT
71.23,48.2,229,HEAT
71.89,49.23,42,HEAT
72.36,49.1,9,HEAT
72.86,49.1,9,HEAT
73.36,48.97,9,HEAT
73.86,48.58,9,HEAT
74.36,48.32,9,HEAT
74.86,47.94,9,HEAT
75.36,47.56,9,HEAT
75.86,47.19,9,HEAT
76.36,47.06,9,HEAT
76.86,46.57,9,HEAT
77.36,46.2,9,HEAT
77.86,46.08,9,COOL
78.36,45.72,9,COOL
78.86,45.36,112,COOL
79.36,45.12,134,COOL
79.86,44.53,134,COOL
80.36,43.83,134,COOL
80.86,43.26,134,COOL
81.36,42.69,134,COOL
81.86,42.01,134,COOL
82.36,41.35,134,COOL
82.86,41.13,134,COOL
83.36,40.37,134,COOL
83.86,40.05,134,COOL
84.36,39.41,134,COOL
84.86,38.88,134,COOL
85.36,38.36,134,COOL
85.86,38.05,134,COOL
86.36,37.53,134,COOL
86.86,37.12,134,COOL
87.36,36.62,134,COOL
87.86,36.11,134,COOL
88.39,35.81,180,COOL
88.86,35.32,212,COOL
89.36,34.92,212,COOL
89.86,34.53,212,COOL
90.36,33.75,212,COOL
90.86,33.37,212,COOL
91.36,32.79,212,COOL
91.86,32.22,212,COOL
92.36,31.75,212,COOL
92.86,31.28,212,COOL
93.36,30.82,212,COOL
93.86,30.26,212,COOL
94.36,29.8,212,COOL
94.86,29.34,212,COOL
95.36,28.89,212,COOL
95.86,28.61,212,COOL
96.36,27.8,212,COOL
96.86,27.62,212,COOL
97.36,27.26,212,COOL
97.86,26.91,212,COOL
98.36,26.46,212,COOL
98.86,25.84,212,COOL
99.36,25.66,212,COOL
99.86,25.48,212,COOL
100.36,25.04,212,COOL
100.86,24.43,212,COOL
101.36,24.25,212,COOL
101.86,23.73,212,COOL
102.36,23.38,212,COOL
102.86,23.03,212,COOL
103.36,22.94,212,COOL
103.86,22.34,212,COOL
104.36,21.99,212,COOL
104.86,21.9,212,COOL
105.36,21.56,212,COOL
105.86,20.87,212,COOL
106.36,20.69,212,COOL
106.86,20.26,212,COOL
107.36,20.18,212,COOL
107.86,19.57,212,COOL
108.36,19.49,212,COOL
108.86,19.23,212,COOL
109.36,18.71,212,COOL
109.86,18.45,212,COOL
110.36,18.28,212,COOL
110.86,17.85,212,COOL
111.36,17.77,212,COOL
111.86,17.08,212,COOL
112.36,16.82,212,COOL
112.86,16.65,212,COOL
113.36,16.3,212,COOL
113.86,15.96,212,COOL
114.36,15.87,212,COOL
114.86,15.44,212,COOL
115.36,15.35,212,COOL
115.86,15.09,212,COOL
116.36,14.66,212,COOL
116.86,14.4,212,COOL
117.36,14.14,212,COOL
117.86,13.96,212,COOL
118.36,13.62,212,COOL
118.86,13.53,212,COOL
119.36,13.09,212,COOL
119.86,12.92,212,COOL
120.36,12.48,212,COOL
120.86,12.39,212,COOL
121.36,12.21,212,COOL
121.86,11.77,212,COOL
122.36,11.6,212,COOL
122.86,11.16,212,COOL
123.36,11.24,212,COOL
123.86,10.98,212,COOL
124.36,10.62,212,COOL
124.86,10.44,212,COOL
125.36,10.0,212,COOL
125.86,10.27,212,COOL
126.36,9.91,212,COOL
126.86,9.55,212,COOL
127.36,9.55,212,COOL
127.86,9.28,212,COOL
128.36,8.65,212,COOL
128.86,8.83,212,COOL
129.36,8.37,212,COOL
129.86,8.28,212,COOL
130.36,8.1,212,COOL
130.86,8.19,212,COOL
131.36,7.64,212,COOL
131.86,7.27,212,COOL
132.36,7.09,212,COOL
132.86,6.9,212,COOL
133.36,6.81,212,COOL
133.86,6.25,212,COOL
134.36,6.53,212,COOL
134.86,6.44,212,COOL
135.36,6.06,212,COOL
135.86,5.78,212,COOL
136.36,5.59,212,COOL
136.86,5.31,212,COOL
137.36,5.02,212,COOL
137.86,4.93,212,COOL
138.36,4.93,212,COOL
138.86,4.74,212,COOL
139.36,4.83,212,COOL
139.86,4.26,212,COOL
140.36,4.26,212,COOL
140.86,3.87,212,COOL
141.36,3.67,212,COOL
141.86,3.77,212,COOL
142.36,3.38,212,COOL
142.86,3.19,212,COOL
143.36,3.09,212,COOL
143.86,2.89,212,COOL
144.36,2.29,212,COOL
144.86,2.59,212,COOL
145.36,2.19,212,COOL
145.86,2.19,212,COOL
146.36,1.69,212,COOL
146.86,1.69,212,COOL
147.36,1.39,212,COOL
147.86,1.59,212,COOL
148.36,1.49,212,COOL
148.86,1.39,212,COOL
149.36,0.98,212,COOL
149.86,0.78,212,COOL
150.36,0.67,212,COOL
150.86,0.47,212,COOL
151.36,0.26,212,COOL
151.86,0.26,212,COOL
152.36,0.15,212,COOL
152.86,-0.26,212,COOL
153.36,-0.16,212,COOL
153.86,-0.37,212,COOL
154.36,-0.69,212,COOL
154.86,-0.69,212,COOL
155.36,-0.79,212,COOL
155.86,-0.79,212,COOL
156.36,-1.11,212,COOL
156.86,-1.33,212,COOL
157.36,-1.54,212,COOL
157.86,-1.65,212,COOL
158.36,-1.98,212,COOL
158.86,-1.87,212,COOL
159.36,-1.98,212,COOL
159.86,-2.31,212,COOL
160.36,-2.42,212,COOL
160.86,-2.53,212,COOL
161.36,-2.31,212,COOL
161.86,-2.75,212,COOL
162.36,-2.86,212,COOL
162.86,-1.65,212,COOL
163.36,-2.97,212,COOL
163.86,-3.09,212,COOL
164.36,-3.2,212,COOL
164.86,-3.31,212,COOL
165.36,-3.54,212,COOL
165.86,-3.76,212,COOL
166.36,-3.76,212,COOL
166.86,-3.65,212,COOL
167.36,-4.22,212,COOL
167.86,-3.99,212,COOL
168.36,-4.11,212,COOL
168.86,-4.22,212,COOL
169.36,-4.22,212,COOL
169.86,-4.81,212,COOL
170.36,-4.69,212,COOL
170.86,-4.46,212,COOL
171.36,-4.81,212,COOL
171.86,-4.92,212,COOL
172.36,-4.81,212,COOL
172.86,-5.4,212,COOL
173.36,-5.4,212,COOL
173.86,-5.28,212,COOL
174.36,-5.52,212,COOL
174.86,-5.52,212,COOL
175.36,-5.52,212,COOL
175.86,-6.0,212,COOL
176.36,-6.0,212,COOL
176.86,-6.24,212,COOL
177.36,-6.12,212,COOL
177.86,-6.24,212,COOL
178.36,-6.49,212,COOL
178.86,-6.73,212,COOL
179.36,-6.73,212,COOL
179.86,-6.86,212,COOL
180.36,-6.86,212,COOL
180.86,-7.11,212,COOL
181.36,-6.86,212,COOL
181.86,-6.73,212,COOL
182.36,-6.73,212,COOL
182.86,-6.98,212,COOL
183.36,-7.36,212,COOL
183.86,-7.36,212,COOL
184.36,-7.61,212,COOL
184.86,-7.74,212,COOL
185.36,-7.74,212,COOL
185.86,-8.0,212,COOL
186.36,-6.36,212,COOL
186.86,-8.25,212,COOL
187.36,-8.25,212,COOL
187.86,-8.25,212,COOL
188.36,-8.13,212,COOL
188.86,-8.65,212,COOL
189.36,-8.25,212,COOL
189.86,-8.91,212,COOL
190.36,-8.65,212,COOL
190.86,-8.78,212,COOL
191.36,-8.65,212,COOL
191.86,-8.51,212,COOL
192.36,-9.04,212,COOL
192.86,-8.91,212,COOL
193.36,-8.65,212,COOL
193.86,-9.18,212,COOL
194.36,-9.58,212,COOL
194.86,-9.18,212,COOL
195.36,-9.44,212,COOL
195.86,-9.44,212,COOL
196.36,-9.58,212,COOL
196.86,-9.85,212,COOL
197.36,-9.71,212,COOL
197.86,-9.71,212,COOL
198.36,-9.99,212,COOL
198.86,-9.71,212,COOL
199.36,-9.85,212,COOL
199.86,-10.68,212,COOL
200.36,-10.4,212,COOL
200.86,-10.12,212,COOL
201.36,-9.99,212,COOL
201.86,-10.4,212,COOL
202.36,-10.54,212,COOL
202.86,-10.68,212,COOL
203.36,-10.4,212,COOL
203.86,-10.4,212,COOL
204.36,-10.54,212,COOL
204.86,-10.4,212,COOL
205.36,-10.82,212,COOL
205.86,-10.68,212,COOL
206.36,-10.54,212,COOL
206.86,-10.68,212,COOL
207.36,-10.82,212,COOL
207.86,-13.16,212,COOL
208.36,-11.24,212,COOL
208.86,-11.68,212,COOL
209.36,-11.39,212,COOL
209.86,-11.82,212,COOL
210.36,-11.68,212,COOL
210.86,-11.82,212,COOL
211.36,-11.53,212,COOL
211.86,-11.68,212,COOL
212.36,-11.68,212,COOL
212.86,-11.53,212,COOL
213.36,-11.97,212,COOL
213.86,-11.39,212,COOL
214.36,-11.68,212,COOL
214.86,-11.68,212,COOL
215.36,-12.11,212,COOL
215.86,-10.82,212,COOL
216.36,-12.71,212,COOL
216.86,-11.53,212,COOL
217.36,-12.26,212,COOL
217.86,-11.97,212,COOL
218.36,-11.97,212,COOL
218.86,-11.97,212,COOL
219.36,-12.41,212,COOL
219.86,-11.97,212,COOL
220.36,-12.41,212,COOL
220.86,-11.97,212,COOL
221.36,-11.82,212,COOL
221.86,-12.41,212,COOL
222.36,-12.56,212,COOL
222.86,-12.26,212,COOL
223.36,-12.71,212,COOL
223.86,-11.97,212,COOL
224.36,-12.26,212,COOL
224.86,-13.16,212,COOL
225.36,-13.16,212,COOL
225.86,-12.56,212,COOL
226.36,-12.41,212,COOL
226.86,-12.11,212,COOL
227.36,-12.56,212,COOL
227.86,-13.32,212,COOL
228.36,-12.41,212,COOL
228.86,-13.16,212,COOL
229.36,-12.86,212,COOL
229.86,-12.86,212,COOL
230.36,-13.16,212,COOL
230.86,-12.86,212,COOL
231.36,-13.16,212,COOL
231.86,-13.16,212,COOL
232.36,-13.47,212,COOL
232.86,-13.63,212,COOL
233.36,-13.32,212,COOL
233.86,-13.16,212,COOL
234.36,-13.63,212,COOL
234.86,-14.26,212,COOL
235.36,-12.71,212,COOL
235.86,-13.63,212,COOL
236.36,-13.78,212,COOL
236.86,-13.78,212,COOL
237.36,-13.63,212,COOL
237.86,-13.94,212,COOL
238.36,-14.1,212,COOL
238.86,-13.78,212,COOL
239.36,-13.32,212,COOL
239.86,-13.94,212,COOL
240.36,-13.78,212,COOL
240.86,-13.94,212,COOL
241.36,-13.78,212,COOL
241.86,-14.42,212,COOL
242.36,-14.26,212,COOL
242.86,-13.78,212,COOL
243.36,-14.58,212,COOL
243.86,-14.42,212,COOL
244.36,-13.78,212,COOL
244.86,-14.58,212,COOL
245.36,-14.1,212,COOL
245.86,-14.74,212,COOL
246.36,-14.74,212,COOL
246.86,-13.63,212,COOL
247.36,-14.42,212,COOL
247.86,-14.74,212,COOL
248.36,-14.1,212,COOL
248.86,-13.94,212,COOL
249.36,-14.42,212,COOL
249.86,-14.74,212,COOL
250.36,-14.9,212,COOL
250.86,-14.74,212,COOL
251.36,-15.06,212,COOL
251.86,-14.74,212,COOL
252.36,-14.1,212,COOL
252.86,-14.58,212,COOL
253.36,-14.74,212,COOL
253.86,-14.58,212,COOL
254.36,-14.58,212,COOL
254.86,-15.39,212,COOL
255.36,-14.42,212,COOL
255.86,-14.1,212,COOL
256.36,-15.39,212,COOL
256.86,-14.58,212,COOL
257.36,-14.9,212,COOL
257.86,-14.42,212,COOL
258.36,-14.26,212,COOL
258.86,-15.06,212,COOL
259.36,-15.06,212,COOL
259.86,-15.06,212,COOL
260.36,-15.06,212,COOL
260.86,-14.58,212,COOL
261.36,-15.39,212,COOL
261.86,-15.9,212,COOL
262.36,-15.06,212,COOL
262.86,-15.23,212,COOL
263.36,-14.9,212,COOL
263.86,-15.06,212,COOL
264.36,-15.06,212,COOL
264.86,-14.58,212,COOL
265.36,-15.56,212,COOL
265.86,-15.73,212,COOL
266.36,-14.58,212,COOL
266.86,-15.39,212,COOL
267.36,-15.56,212,COOL
267.86,-15.39,212,COOL
268.36,-15.39,212,COOL
268.86,-15.73,212,COOL
269.36,-15.23,212,COOL
269.86,-15.56,212,COOL
270.36,-15.23,212,COOL
270.86,-15.56,212,COOL
271.36,-15.73,212,COOL
271.86,-14.9,212,COOL
272.36,-15.73,212,COOL
272.86,-15.06,212,COOL
273.36,-15.56,212,COOL
273.86,-15.23,212,COOL
274.36,-15.06,212,COOL
274.86,-14.74,212,COOL
275.36,-14.42,212,COOL
275.86,-14.1,212,COOL
276.36,-13.78,212,COOL
276.86,-13.47,212,COOL
277.36,-13.16,212,COOL
277.86,-12.86,212,COOL
278.36,-12.41,212,COOL
278.86,-12.26,212,COOL
279.36,-11.97,212,COOL
279.86,-11.68,212,COOL
280.36,-11.39,212,COOL
280.86,-11.1,212,COOL
281.36,-10.82,212,COOL
281.86,-10.54,212,COOL
282.36,-10.4,212,COOL
282.86,-10.12,212,COOL
283.36,-9.99,212,COOL
283.86,-9.71,212,COOL
284.36,-9.58,212,COOL
284.86,-9.31,212,COOL
285.36,-9.04,212,COOL
285.86,-8.91,212,COOL
286.36,-8.65,212,COOL
286.86,-8.51,212,COOL
287.36,-8.38,212,COOL
287.86,-8.13,212,COOL
288.36,-8.0,212,COOL
288.86,-7.87,212,COOL
289.36,-7.74,212,COOL
289.86,-7.49,212,COOL
290.36,-7.36,212,COOL
290.86,-7.23,212,COOL
291.36,-7.11,212,COOL
291.86,-6.98,212,COOL
292.36,-6.73,212,COOL
292.86,-6.61,212,COOL
293.36,-6.49,212,COOL
293.86,-6.36,212,COOL
294.36,-6.24,212,COOL
294.86,-6.12,212,COOL
295.36,-6.0,212,COOL
295.86,-5.88,212,COOL
296.36,-5.64,212,COOL
296.86,-5.52,212,COOL
297.36,-5.4,212,COOL
297.86,-5.28,212,COOL
298.36,-5.16,212,COOL
298.86,-5.04,212,COOL
299.36,-4.92,212,COOL
299.86,-4.81,212,COOL
300.36,-4.57,212,COOL
300.86,-4.57,212,COOL
301.36,-4.46,212,COOL
301.86,-4.34,212,COOL
302.36,-4.22,212,COOL
302.86,-4.11,212,COOL
303.36,-3.88,212,COOL
303.86,-3.88,212,COOL
304.36,-3.65,212,COOL
304.86,-3.65,212,COOL
305.36,-3.54,212,COOL
305.86,-3.42,212,COOL
306.36,-3.31,212,COOL
306.86,-3.09,212,COOL
307.36,-3.09,212,COOL
307.86,-2.97,212,COOL
308.36,-2.86,212,COOL
308.86,-2.75,212,COOL
309.36,-2.64,212,COOL
309.86,-2.64,212,COOL
310.36,-2.53,212,COOL
310.86,-2.42,212,COOL
311.36,-2.31,212,COOL
311.86,-2.2,212,COOL
312.36,-2.09,212,COOL
312.86,-1.98,212,COOL
313.36,-1.87,212,COOL
313.86,-1.76,212,COOL
314.36,-1.65,212,COOL
314.86,-1.54,212,COOL
315.36,-1.44,212,COOL
315.86,-1.44,212,COOL
316.36,-1.33,212,COOL
316.86,-1.22,212,COOL
317.36,-1.22,212,COOL
317.86,-1.01,212,COOL
318.36,-1.01,212,COOL
318.86,-0.9,212,COOL
319.36,-0.79,212,COOL
319.86,-0.69,212,COOL
320.36,-0.69,212,COOL
320.86,-0.58,212,COOL
321.36,-0.47,212,COOL
321.86,-0.47,212,COOL
322.36,-0.37,212,COOL
322.86,-0.26,212,COOL
323.36,-0.26,212,COOL
323.86,-0.16,212,COOL
324.36,-0.05,212,COOL
324.86,0.05,212,COOL
325.36,0.05,212,COOL
325.86,0.15,212,COOL
326.36,0.26,212,COOL
326.86,0.26,212,COOL
327.36,0.36,212,COOL
327.86,0.47,212,COOL
328.36,0.47,212,COOL
328.86,0.57,212,COOL
329.36,0.67,212,COOL
329.86,0.78,212,COOL
330.36,0.78,212,COOL
330.86,0.88,212,COOL
331.36,0.98,212,COOL
331.86,0.98,212,COOL
332.36,1.08,212,COOL
332.86,1.18,212,COOL
333.36,1.18,212,COOL
333.86,1.29,212,COOL
334.36,1.39,212,COOL
334.86,1.49,212,COOL
335.36,1.49,212,COOL
335.86,1.59,212,COOL
336.36,1.59,212,COOL
336.86,1.69,212,COOL
337.36,1.79,212,COOL
337.86,1.79,212,COOL
338.36,1.89,212,COOL
338.86,1.99,212,COOL
339.36,1.99,212,COOL
339.86,2.09,212,COOL
340.36,2.19,212,COOL
340.86,2.19,212,COOL
341.36,2.29,212,COOL
341.86,2.39,212,COOL
342.36,2.39,212,COOL
342.86,2.49,212,COOL
343.36,2.59,212,COOL
343.86,2.59,212,COOL
344.36,2.69,212,COOL
344.86,2.79,212,COOL
345.36,2.79,212,COOL
345.86,2.89,212,COOL
346.36,2.89,212,COOL
346.86,2.99,212,COOL
347.36,2.99,212,COOL
347.86,3.09,212,COOL
348.36,3.09,212,COOL
348.86,3.19,212,COOL
349.36,3.28,212,COOL
349.86,3.28,212,COOL
350.36,3.38,212,COOL
350.86,3.38,212,COOL
351.36,3.38,212,COOL
351.86,3.48,212,COOL
352.36,3.58,212,COOL
352.86,3.58,212,COOL
353.36,3.67,212,COOL
353.86,3.67,212,COOL
354.36,3.77,212,COOL
354.86,3.77,212,COOL
355.36,3.87,212,COOL
355.86,3.87,212,COOL
356.36,3.97,212,COOL
356.86,3.97,212,COOL
357.36,3.97,212,COOL
357.86,4.06,212,COOL
358.36,4.16,212,COOL
358.86,4.16,212,COOL
359.36,4.26,212,COOL
359.86,4.26,212,COOL
360.36,4.35,212,COOL
360.86,4.35,212,COOL
361.36,4.45,212,COOL
361.86,4.45,212,COOL
362.36,4.54,212,COOL
362.86,4.54,212,COOL
363.36,4.64,212,COOL
363.86,4.64,212,COOL
364.36,4.74,212,COOL
364.86,4.74,212,COOL
365.36,4.74,212,COOL
365.86,4.83,212,COOL
0.5,21.3,0,HEAT
1.0,21.3,0,HEAT
1.5,21.13,0,HEAT
2.0,20.95,0,HEAT
2.5,21.21,0,HEAT
3.0,20.78,0,HEAT
3.5,21.04,0,HEAT
4.0,21.13,0,HEAT
4.5,21.21,0,HEAT
5.0,21.04,0,HEAT
5.5,20.95,0,HEAT
6.0,21.13,0,HEAT
6.5,21.13,0,HEAT
7.0,21.13,0,HEAT
7.5,21.21,0,HEAT
8.0,21.04,0,HEAT
8.5,21.3,0,HEAT
9.0,21.04,0,HEAT
9.5,21.04,0,HEAT
10.0,21.04,0,HEAT
10.5,20.87,0,HEAT
11.0,21.13,0,HEAT
11.5,21.13,0,HEAT
12.0,21.13,0,HEAT
12.5,21.13,0,HEAT
13.0,21.13,0,HEAT
13.5,21.13,0,HEAT
14.0,21.13,0,HEAT
14.5,21.21,0,HEAT
15.0,21.13,0,HEAT
15.5,21.04,0,HEAT
16.0,21.13,0,HEAT
16.5,21.04,0,HEAT
17.0,21.3,0,HEAT
17.5,21.21,0,HEAT
18.0,21.04,0,HEAT
18.5,20.95,0,HEAT
19.0,21.3,0,HEAT
19.5,21.21,0,HEAT
20.0,21.3,0,HEAT
20.5,21.04,0,HEAT
21.0,20.87,0,HEAT
21.5,21.13,0,HEAT
22.0,21.13,0,HEAT
22.5,21.04,0,HEAT
23.0,20.95,0,HEAT
23.5,21.13,0,HEAT
24.0,21.13,0,HEAT
24.5,21.21,0,HEAT
25.0,21.13,0,HEAT
25.57,21.13,220,HEAT
26.04,21.56,252,HEAT
26.54,22.42,252,HEAT
27.04,23.55,252,HEAT
27.54,24.6,252,HEAT
28.04,25.57,252,HEAT
28.54,26.73,252,HEAT
29.04,27.8,252,HEAT
29.54,28.61,252,HEAT
30.04,29.99,252,HEAT
30.54,30.72,252,HEAT
31.04,31.56,252,HEAT
31.54,32.79,252,HEAT
32.04,33.85,252,HEAT
32.54,34.73,252,HEAT
33.04,35.71,252,HEAT
33.54,36.51,252,HEAT
34.04,37.94,252,HEAT
34.54,38.25,252,HEAT
35.04,39.2,252,HEAT
35.54,39.94,252,HEAT
36.04,41.02,252,HEAT
36.54,41.9,0,HEAT
37.04,42.13,0,HEAT
37.54,42.35,0,HEAT
38.04,42.46,0,HEAT
38.54,42.01,0,HEAT
39.04,41.79,0,HEAT
39.54,41.46,0,HEAT
40.04,40.91,0,HEAT
40.54,40.69,0,HEAT
41.04,40.8,0,HEAT
41.54,40.15,0,HEAT
42.04,39.83,0,HEAT
42.54,39.73,0,HEAT
43.04,39.2,0,HEAT
43.54,38.77,0,HEAT
44.04,38.88,0,HEAT
44.54,38.36,0,HEAT
45.04,38.25,0,HEAT
45.54,37.94,0,HEAT
46.04,37.53,0,HEAT
46.54,37.53,0,HEAT
47.04,37.12,0,HEAT
47.54,37.22,0,HEAT
48.04,36.82,0,HEAT
48.54,36.51,0,HEAT
49.04,36.41,0,HEAT
49.54,36.11,0,HEAT
50.04,35.71,0,HEAT
50.54,35.61,0,HEAT
51.04,35.51,0,HEAT
51.54,35.32,0,HEAT
52.04,35.32,0,HEAT
52.54,35.22,0,HEAT
53.04,34.92,0,HEAT
53.54,34.73,0,HEAT
54.04,34.63,0,HEAT
54.54,34.33,0,HEAT
55.04,34.24,0,HEAT
55.54,34.04,0,HEAT
56.04,34.04,0,HEAT
56.54,34.04,0,HEAT
57.04,33.75,0,HEAT
57.54,33.75,0,HEAT
58.04,33.56,0,HEAT
58.54,33.37,0,HEAT
59.04,33.27,0,HEAT
59.54,33.27,0,HEAT
60.04,33.37,0,HEAT
60.54,32.79,0,HEAT
61.04,33.18,0,HEAT
61.54,32.98,0,HEAT
62.04,32.7,0,HEAT
62.54,32.79,0,HEAT
63.04,32.41,0,HEAT
63.54,32.41,0,HEAT
64.04,32.32,0,HEAT
64.54,32.32,0,HEAT
65.04,32.03,0,HEAT
65.54,32.03,0,HEAT
66.04,32.13,0,HEAT
66.54,31.75,0,HEAT
67.04,31.66,0,HEAT
67.54,31.47,0,HEAT
68.04,31.66,0,HEAT
68.54,31.28,0,HEAT
69.04,31.19,0,HEAT
69.54,31.1,0,HEAT
70.04,31.0,0,HEAT
70.54,31.19,0,HEAT
71.04,30.91,0,HEAT
71.54,31.0,0,HEAT
72.04,30.91,0,HEAT
72.54,31.0,0,HEAT
73.04,30.63,0,HEAT
73.54,30.54,0,HEAT
74.04,30.54,0,HEAT
74.54,30.54,0,HEAT
75.04,30.26,0,HEAT
75.54,30.26,0,HEAT
76.04,30.35,0,HEAT
76.54,30.08,0,HEAT
77.04,30.08,0,HEAT
77.54,29.89,0,HEAT
78.04,29.89,0,HEAT
78.54,29.71,0,HEAT
79.04,29.99,0,HEAT
79.54,29.53,0,HEAT
80.04,29.71,0,HEAT
80.54,29.53,0,HEAT
81.04,29.43,0,HEAT
81.54,29.25,0,HEAT
82.04,29.53,0,HEAT
82.54,29.16,0,HEAT
83.04,29.34,0,HEAT
83.54,29.16,0,HEAT
84.04,29.07,0,HEAT
84.54,29.16,0,HEAT
85.04,28.98,0,HEAT
85.54,28.98,0,HEAT
86.04,28.89,0,HEAT
86.54,28.71,0,HEAT
87.04,28.61,0,HEAT
87.54,28.61,0,HEAT
88.04,28.34,0,HEAT
88.54,28.52,0,HEAT
89.04,28.52,0,HEAT
89.54,28.61,0,HEAT
90.04,28.52,0,HEAT
90.54,28.43,0,HEAT
91.04,28.25,0,HEAT
91.54,28.43,0,HEAT
0.5,20.52,0,HEAT
1.0,20.61,0,HEAT
1.5,20.52,0,HEAT
2.0,20.35,0,HEAT
2.5,20.35,0,HEAT
3.0,20.52,0,HEAT
3.5,20.61,0,HEAT
4.0,20.61,0,HEAT
4.5,20.52,0,HEAT
5.0,20.52,0,HEAT
5.5,20.43,0,HEAT
6.0,20.43,0,HEAT
6.5,20.43,0,HEAT
7.0,20.52,0,HEAT
7.5,20.61,0,HEAT
8.0,20.43,0,HEAT
8.5,20.43,0,HEAT
9.0,20.43,0,HEAT
9.5,20.43,0,HEAT
10.0,20.52,0,HEAT
10.5,20.35,0,HEAT
11.0,20.35,0,HEAT
11.5,20.43,0,HEAT
12.0,20.61,0,HEAT
12.5,20.35,0,HEAT
13.0,20.69,0,HEAT
13.5,20.52,0,HEAT
14.0,20.43,0,HEAT
14.5,20.43,0,HEAT
15.0,20.61,30,HEAT
15.5,20.35,30,HEAT
16.0,20.43,30,HEAT
16.5,20.95,30,HEAT
17.0,21.04,30,HEAT
17.5,21.04,30,HEAT
18.0,21.21,30,HEAT
18.5,21.47,30,HEAT
19.0,21.47,30,HEAT
19.5,21.64,30,HEAT
20.0,21.73,30,HEAT
20.5,21.9,30,HEAT
21.0,21.99,30,HEAT
21.5,22.08,30,HEAT
22.0,22.34,30,HEAT
22.5,22.51,30,HEAT
23.0,22.6,30,HEAT
23.5,22.42,30,HEAT
24.0,22.77,30,HEAT
24.5,22.77,30,HEAT
25.0,22.94,30,HEAT
25.5,22.94,30,HEAT
26.0,23.12,30,HEAT
26.5,23.38,30,HEAT
27.0,23.47,30,HEAT
27.5,23.55,30,HEAT
28.0,23.55,30,HEAT
28.5,23.82,30,HEAT
29.0,23.73,30,HEAT
29.5,24.78,30,HEAT
30.0,23.99,30,HEAT
30.5,24.08,30,HEAT
31.0,24.17,30,HEAT
31.5,24.25,30,HEAT
32.0,24.52,30,HEAT
32.5,24.43,30,HEAT
33.0,24.52,30,HEAT
33.5,24.69,30,HEAT
34.0,24.6,30,HEAT
34.5,24.96,30,HEAT
35.0,25.04,30,HEAT
35.5,25.04,30,HEAT
36.0,25.22,30,HEAT
36.5,25.13,30,HEAT
37.0,25.13,30,HEAT
37.5,25.48,30,HEAT
38.0,25.66,30,HEAT
38.5,25.66,30,HEAT
39.0,25.66,30,HEAT
39.5,25.48,30,HEAT
40.0,25.66,30,HEAT
40.5,25.75,30,HEAT
41.0,26.02,30,HEAT
41.5,26.02,30,HEAT
42.0,26.1,30,HEAT
42.5,26.19,30,HEAT
43.0,26.02,30,HEAT
43.5,26.19,30,HEAT
44.0,26.46,30,HEAT
44.5,26.46,30,HEAT
45.0,26.28,30,HEAT
45.5,26.46,30,HEAT
46.0,26.46,30,HEAT
46.5,26.82,30,HEAT
47.0,26.64,30,HEAT
47.5,26.64,30,HEAT
48.0,26.82,30,HEAT
48.5,26.82,30,HEAT
49.0,26.73,30,HEAT
49.5,26.91,30,HEAT
50.0,27.17,30,HEAT
50.5,27.26,30,HEAT
51.0,27.35,30,HEAT
51.5,27.26,30,HEAT
52.0,27.26,30,HEAT
52.5,27.62,30,HEAT
53.0,27.71,30,HEAT
53.5,27.44,30,HEAT
54.0,27.35,30,HEAT
54.5,27.62,30,HEAT
55.0,27.53,30,HEAT
55.5,27.89,30,HEAT
56.0,27.8,30,HEAT
56.5,27.89,30,HEAT
57.0,28.07,30,HEAT
57.5,27.71,30,HEAT
58.0,27.98,30,HEAT
58.5,28.16,30,HEAT
59.0,28.25,30,HEAT
59.5,28.16,30,HEAT
60.0,27.98,30,HEAT
60.5,28.43,30,HEAT
61.0,28.34,30,HEAT
61.5,28.52,30,HEAT
62.0,28.52,30,HEAT
62.5,28.61,30,HEAT
63.0,28.71,30,HEAT
63.5,28.89,30,HEAT
64.0,28.61,30,HEAT
64.5,28.43,30,HEAT
65.0,28.71,30,HEAT
65.5,28.61,30,HEAT
66.0,28.8,30,HEAT
66.5,28.89,30,HEAT
67.0,28.98,30,HEAT
67.5,28.98,30,HEAT
68.0,28.98,30,HEAT
68.5,28.98,30,HEAT
69.0,29.16,30,HEAT
69.5,29.16,30,HEAT
70.0,29.34,30,HEAT
70.5,29.34,30,HEAT
71.0,29.25,30,HEAT
71.5,29.43,30,HEAT
72.0,29.34,30,HEAT
72.5,29.43,30,HEAT
73.0,29.34,30,HEAT
73.5,29.53,30,HEAT
74.0,29.43,30,HEAT
74.5,29.62,30,HEAT
75.0,29.53,30,HEAT
75.5,29.71,30,HEAT
76.0,29.71,30,HEAT
0.5,21.56,0,HEAT
1.0,21.64,0,HEAT
1.5,21.82,0,HEAT
2.0,21.73,0,HEAT
2.5,21.82,0,HEAT
3.0,21.82,0,HEAT
3.5,21.9,0,HEAT
4.0,21.73,0,HEAT
4.5,21.64,0,HEAT
5.0,21.9,0,HEAT
5.5,21.9,0,HEAT
6.0,21.3,0,HEAT
6.5,21.56,0,HEAT
7.0,21.56,0,HEAT
7.5,21.64,0,HEAT
8.0,21.73,28,HEAT
8.5,21.82,28,HEAT
9.0,21.99,28,HEAT
9.5,22.16,28,HEAT
10.0,22.25,28,HEAT
10.5,22.34,28,HEAT
11.0,22.51,28,HEAT
11.5,22.68,28,HEAT
12.0,22.77,28,HEAT
12.5,22.6,28,HEAT
13.0,23.21,28,HEAT
13.5,23.38,28,HEAT
14.0,23.47,28,HEAT
14.5,23.38,28,HEAT
15.0,23.47,28,HEAT
15.5,23.82,28,HEAT
16.0,23.73,28,HEAT
16.5,24.08,28,HEAT
17.0,23.82,28,HEAT
17.5,24.17,28,HEAT
18.0,24.25,28,HEAT
18.5,24.6,28,HEAT
19.0,24.6,28,HEAT
19.5,24.69,28,HEAT
20.0,24.87,28,HEAT
20.5,24.87,28,HEAT
21.0,24.96,28,HEAT
21.5,25.04,28,HEAT
22.0,25.31,28,HEAT
22.5,25.22,28,HEAT
23.0,24.96,28,HEAT
23.5,25.4,28,HEAT
24.0,25.57,28,HEAT
24.5,25.66,28,HEAT
25.0,25.48,28,HEAT
25.5,25.66,28,HEAT
26.0,25.84,28,HEAT
26.5,25.93,28,HEAT
27.0,26.02,28,HEAT
27.5,26.02,28,HEAT
28.0,26.1,28,HEAT
28.5,26.28,28,HEAT
29.0,26.28,28,HEAT
29.5,26.37,28,HEAT
30.0,26.46,28,HEAT
30.5,26.64,28,HEAT
31.0,26.64,28,HEAT
31.5,26.64,28,HEAT
32.0,26.73,28,HEAT
32.5,26.73,28,HEAT
33.0,26.82,28,HEAT
33.5,26.99,28,HEAT
34.0,26.91,28,HEAT
34.5,27.08,28,HEAT
35.0,27.08,28,HEAT
35.5,27.17,28,HEAT
36.0,27.26,28,HEAT
36.5,27.35,28,HEAT
37.0,27.44,28,HEAT
37.5,27.44,28,HEAT
38.0,27.44,28,HEAT
38.5,27.44,28,HEAT
39.0,27.53,28,HEAT
39.5,27.71,28,HEAT
40.0,27.8,28,HEAT
40.5,27.8,28,HEAT
41.0,27.71,28,HEAT
41.5,27.98,28,HEAT
42.0,27.89,28,HEAT
42.5,28.07,28,HEAT
43.0,28.07,28,HEAT
43.5,28.25,28,HEAT
44.0,28.25,28,HEAT
44.5,28.25,28,HEAT
45.0,28.34,28,HEAT
45.5,28.34,28,HEAT
46.0,28.25,28,HEAT
46.5,28.34,28,HEAT
47.0,28.52,28,HEAT
47.5,28.61,28,HEAT
48.0,28.61,28,HEAT
48.5,28.61,28,HEAT
49.0,28.8,28,HEAT
49.5,28.8,28,HEAT
50.0,29.07,28,HEAT
50.5,29.34,28,HEAT
51.0,28.89,28,HEAT
51.5,28.98,28,HEAT
52.0,28.89,28,HEAT
52.5,28.89,28,HEAT
53.0,28.89,28,HEAT
53.5,29.07,28,HEAT
54.0,29.25,28,HEAT
54.5,29.34,28,HEAT
55.0,29.25,28,HEAT
55.5,29.43,28,HEAT
56.0,29.43,28,HEAT
56.5,29.34,28,HEAT
57.0,29.43,28,HEAT
57.5,29.53,28,HEAT
58.0,29.53,28,HEAT
58.5,29.62,28,HEAT
59.0,29.34,28,HEAT
59.5,29.62,28,HEAT
60.0,29.71,28,HEAT
60.5,29.71,28,HEAT
61.0,29.8,28,HEAT
61.5,29.8,28,HEAT
62.0,29.71,28,HEAT
62.5,29.99,28,HEAT
63.0,29.99,28,HEAT
63.5,29.99,28,HEAT
64.0,29.99,28,HEAT
64.5,30.08,28,HEAT
65.0,29.89,28,HEAT
65.5,30.17,28,HEAT
66.0,30.26,28,HEAT
66.5,30.17,28,HEAT
67.0,30.26,28,HEAT
67.5,30.35,28,HEAT
68.0,30.17,28,HEAT
68.5,30.45,28,HEAT
69.0,30.35,28,HEAT
69.5,30.45,28,HEAT
70.0,30.45,28,HEAT
70.5,30.54,28,HEAT
71.0,30.72,28,HEAT
71.5,30.63,28,HEAT
72.0,30.63,28,HEAT
72.5,30.72,28,HEAT
73.0,30.82,28,HEAT
73.5,30.82,28,HEAT
74.0,30.82,28,HEAT
74.5,30.82,28,HEAT
75.0,30.82,28,HEAT
75.5,31.0,28,HEAT
76.0,30.91,28,HEAT
76.5,31.0,28,HEAT
77.0,31.0,28,HEAT
77.5,31.1,28,HEAT
78.0,31.0,28,HEAT
78.5,31.0,28,HEAT
79.0,31.19,28,HEAT
79.5,31.1,28,HEAT
80.0,31.19,28,HEAT
80.5,31.19,28,HEAT
81.0,31.38,28,HEAT
81.5,31.38,28,HEAT
82.0,31.56,28,HEAT
82.5,31.38,28,HEAT
83.0,32.03,28,HEAT
83.5,31.28,28,HEAT
84.0,31.56,28,HEAT
84.5,31.56,28,HEAT
85.0,31.66,28,HEAT
85.5,31.56,28,HEAT
86.0,31.38,28,HEAT
86.5,31.66,28,HEAT
87.0,31.56,28,HEAT
87.5,31.75,28,HEAT
88.0,31.66,28,HEAT
88.5,31.66,28,HEAT
89.0,31.75,28,HEAT
89.5,31.38,28,HEAT
90.0,31.75,28,HEAT
90.5,31.85,28,HEAT
91.0,31.94,28,HEAT
91.5,31.75,28,HEAT
92.0,31.85,28,HEAT
92.5,31.85,28,HEAT
93.0,31.94,28,HEAT
93.5,31.94,28,HEAT
94.0,32.13,28,HEAT
94.5,31.85,28,HEAT
95.0,32.03,28,HEAT
95.5,32.03,28,HEAT
96.0,31.94,28,HEAT
96.5,32.03,28,HEAT
97.0,31.94,28,HEAT
97.5,32.22,28,HEAT
98.0,32.22,28,HEAT
98.5,32.03,28,HEAT
99.0,32.13,28,HEAT
99.5,32.13,28,HEAT
100.0,32.89,28,HEAT
100.5,32.22,28,HEAT
101.0,32.22,28,HEAT
101.5,32.32,28,HEAT
102.0,32.41,28,HEAT
102.5,32.22,28,HEAT
103.0,32.22,28,HEAT
103.5,32.22,28,HEAT
104.0,32.32,28,HEAT
104.5,32.32,28,HEAT
105.0,32.32,28,HEAT
105.5,32.6,28,HEAT
106.0,32.41,28,HEAT
106.5,32.41,28,HEAT
107.0,32.6,28,HEAT
107.5,32.51,28,HEAT
108.0,32.51,28,HEAT
108.5,32.6,28,HEAT
109.0,32.6,28,HEAT
109.5,32.41,28,HEAT
110.0,32.6,28,HEAT
110.5,32.6,28,HEAT
111.0,32.7,28,HEAT
111.5,32.7,28,HEAT
112.0,32.7,28,HEAT
112.5,32.7,28,HEAT
113.0,32.7,28,HEAT
113.5,32.7,28,HEAT
114.0,32.7,28,HEAT
114.5,32.7,28,HEAT
115.0,32.79,28,HEAT
115.5,32.98,28,HEAT
116.0,32.89,28,HEAT
116.5,32.79,28,HEAT
117.0,32.79,28,HEAT
117.5,32.79,28,HEAT
118.0,32.89,28,HEAT
118.5,32.98,28,HEAT
119.0,32.98,28,HEAT
119.5,32.89,28,HEAT
120.0,32.89,28,HEAT
120.5,33.08,28,HEAT
121.0,33.08,28,HEAT
121.5,33.08,28,HEAT
122.0,32.98,28,HEAT
122.5,32.98,28,HEAT
123.0,32.98,28,HEAT
123.5,32.89,28,HEAT
124.0,32.98,28,HEAT
124.5,33.08,28,HEAT
125.0,33.18,28,HEAT
125.5,33.18,28,HEAT
126.0,33.18,28,HEAT
126.5,33.18,28,HEAT
127.0,33.27,28,HEAT
127.5,33.08,28,HEAT
128.0,32.98,28,HEAT
128.5,33.18,28,HEAT
129.0,33.27,28,HEAT
129.5,33.37,28,HEAT
130.0,33.27,28,HEAT
130.5,33.18,28,HEAT
131.0,33.37,28,HEAT
131.5,33.27,28,HEAT
132.0,33.27,28,HEAT
132.5,33.37,28,HEAT
133.0,33.27,28,HEAT
133.5,33.18,28,HEAT
134.0,33.37,28,HEAT
134.5,33.27,28,HEAT
135.0,33.27,28,HEAT
135.5,33.37,28,HEAT
136.0,33.37,28,HEAT
136.5,33.27,28,HEAT
137.0,33.46,28,HEAT
137.5,33.37,28,HEAT
138.0,33.56,28,HEAT
138.5,33.46,28,HEAT
139.0,33.46,28,HEAT
139.5,33.37,28,HEAT
140.0,33.37,28,HEAT
140.5,33.66,28,HEAT
141.0,33.37,28,HEAT
141.5,33.46,28,HEAT
142.0,33.46,28,HEAT
142.5,33.66,28,HEAT
143.0,33.46,28,HEAT
143.5,33.46,28,HEAT
144.0,33.56,28,HEAT
144.5,33.56,28,HEAT
145.0,33.75,28,HEAT
145.5,33.66,28,HEAT
146.0,33.56,28,HEAT
146.5,33.75,28,HEAT
147.0,33.66,28,HEAT
147.5,33.37,28,HEAT
148.0,33.56,28,HEAT
148.5,33.66,28,HEAT
149.0,33.56,28,HEAT
149.5,33.75,28,HEAT
150.0,33.75,28,HEAT
150.5,33.66,28,HEAT
151.0,33.85,28,HEAT
151.5,33.66,28,HEAT
152.0,33.75,28,HEAT
152.5,33.66,28,HEAT
153.0,33.66,28,HEAT
153.5,33.75,28,HEAT
154.0,33.75,28,HEAT
154.5,33.75,28,HEAT
155.0,33.75,28,HEAT
155.5,33.85,28,HEAT
156.0,33.85,28,HEAT
156.5,33.75,28,HEAT
157.0,33.95,28,HEAT
157.5,33.95,28,HEAT
158.0,33.95,28,HEAT
158.5,33.85,28,HEAT
159.0,33.95,28,HEAT
159.5,33.85,28,HEAT
160.0,33.95,28,HEAT
160.5,34.04,28,HEAT
161.0,33.75,28,HEAT
161.5,33.85,28,HEAT
162.0,33.95,28,HEAT
162.5,33.95,28,HEAT
163.0,34.14,28,HEAT
163.5,33.95,28,HEAT
164.0,33.85,28,HEAT
164.5,33.95,28,HEAT
165.0,33.85,28,HEAT
165.5,34.04,28,HEAT
166.0,34.04,28,HEAT
166.5,33.95,28,HEAT
167.0,33.95,28,HEAT
167.5,34.04,28,HEAT
168.0,34.14,28,HEAT
168.5,33.95,28,HEAT
169.0,33.95,28,HEAT
169.5,34.14,28,HEAT
170.0,34.14,28,HEAT
170.5,34.04,28,HEAT
171.0,34.24,28,HEAT
171.5,34.14,28,HEAT
172.0,34.04,28,HEAT
172.5,34.04,28,HEAT
173.0,34.14,28,HEAT
173.5,33.95,28,HEAT
174.0,34.04,28,HEAT
174.5,34.14,28,HEAT
175.0,34.04,28,HEAT
175.5,34.43,28,HEAT
176.0,34.24,28,HEAT
176.5,34.04,28,HEAT
177.0,34.14,28,HEAT
177.5,34.04,28,HEAT
178.0,34.24,28,HEAT
178.5,34.14,28,HEAT
179.0,34.14,28,HEAT
179.5,34.33,28,HEAT
180.0,34.14,28,HEAT
180.5,34.33,28,HEAT
181.0,34.24,28,HEAT
181.5,34.14,28,HEAT
182.0,34.33,28,HEAT
182.5,34.04,28,HEAT
183.0,34.14,28,HEAT
183.5,34.14,28,HEAT
184.0,34.24,28,HEAT
184.5,34.33,28,HEAT
185.0,34.24,28,HEAT
185.5,34.24,28,HEAT
186.0,34.43,28,HEAT
186.5,34.24,28,HEAT
187.0,34.33,28,HEAT
187.5,34.33,28,HEAT
188.0,34.43,28,HEAT
188.5,34.33,28,HEAT
189.0,34.24,28,HEAT
189.5,34.43,28,HEAT
190.0,34.14,28,HEAT
190.5,34.33,28,HEAT
191.0,34.33,28,HEAT
191.5,34.33,28,HEAT
192.0,34.43,28,HEAT
192.5,34.43,28,HEAT
193.0,34.33,28,HEAT
193.5,34.33,28,HEAT
194.0,34.33,28,HEAT
194.5,34.24,28,HEAT
195.0,34.43,28,HEAT
195.5,34.24,28,HEAT
196.0,34.43,28,HEAT
196.5,34.43,28,HEAT
197.0,34.33,28,HEAT
197.5,34.33,28,HEAT
198.0,34.43,28,HEAT
198.5,34.33,28,HEAT
199.0,34.33,28,HEAT
199.5,34.43,28,HEAT
200.0,34.24,28,HEAT
200.5,34.33,28,HEAT
201.0,34.43,28,HEAT
201.5,34.43,28,HEAT
202.0,34.43,28,HEAT
202.5,34.43,28,HEAT
203.0,34.53,28,HEAT
203.5,34.53,28,HEAT
204.0,34.53,28,HEAT
204.5,34.43,28,HEAT
205.0,34.43,28,HEAT
205.5,34.63,28,HEAT
206.0,34.53,28,HEAT
206.5,34.53,28,HEAT
207.0,34.53,28,HEAT
207.5,34.73,28,HEAT
208.0,34.43,28,HEAT
208.5,34.43,28,HEAT
209.0,34.53,28,HEAT
209.5,34.53,28,HEAT
210.0,34.53,28,HEAT
210.5,34.33,28,HEAT
211.0,34.63,28,HEAT
211.5,34.53,28,HEAT
212.0,34.43,28,HEAT
212.5,34.53,28,HEAT
213.0,34.73,28,HEAT
213.5,34.63,28,HEAT
214.0,34.53,28,HEAT
214.5,34.43,28,HEAT
215.0,34.43,28,HEAT
215.5,34.63,28,HEAT
216.0,34.53,28,HEAT
216.5,34.63,28,HEAT
217.0,34.63,28,HEAT
217.5,34.53,28,HEAT
218.0,34.33,28,HEAT
218.5,34.63,28,HEAT
219.0,34.73,28,HEAT
219.5,34.53,28,HEAT
220.0,34.73,28,HEAT
220.5,34.43,28,HEAT
221.0,34.63,28,HEAT
221.5,34.63,28,HEAT
222.0,34.53,28,HEAT
222.5,34.73,28,HEAT
223.0,34.73,28,HEAT
223.5,34.33,28,HEAT
224.0,34.53,28,HEAT
224.5,34.73,28,HEAT
225.0,34.63,28,HEAT
225.5,34.63,28,HEAT
226.0,34.53,28,HEAT
226.5,35.02,28,HEAT
227.0,34.63,28,HEAT
227.5,34.63,28,HEAT
228.0,34.53,28,HEAT
228.5,34.43,28,HEAT
229.0,34.33,28,HEAT
229.5,34.24,28,HEAT
230.0,34.14,28,HEAT
230.5,34.14,28,HEAT
231.0,33.95,28,HEAT
231.5,33.85,28,HEAT
232.0,33.85,28,HEAT
232.5,33.75,28,HEAT
233.0,33.66,28,HEAT
233.5,33.56,28,HEAT
234.0,33.46,28,HEAT
234.5,33.46,28,HEAT
235.0,33.37,28,HEAT
235.5,33.27,28,HEAT
236.0,33.27,28,HEAT
236.5,33.18,28,HEAT
237.0,33.08,28,HEAT
237.5,32.98,28,HEAT
238.0,32.98,28,HEAT
238.5,32.89,28,HEAT
239.0,32.89,28,HEAT
239.5,32.79,28,HEAT
240.0,32.7,28,HEAT
240.5,32.7,28,HEAT
241.0,32.6,28,HEAT
241.5,32.6,28,HEAT
242.0,32.51,28,HEAT
242.5,32.51,28,HEAT
243.0,32.41,28,HEAT
243.5,32.41,28,HEAT
244.0,32.32,28,HEAT
244.5,32.22,28,HEAT
245.0,32.32,28,HEAT
245.5,32.13,28,HEAT
246.0,32.22,28,HEAT
246.5,32.13,28,HEAT
247.0,32.03,28,HEAT
247.5,32.03,28,HEAT
248.0,31.94,28,HEAT
248.5,31.94,28,HEAT
249.0,31.85,28,HEAT
249.5,31.85,28,HEAT
250.0,31.85,28,HEAT
250.5,31.75,28,HEAT
251.0,31.75,28,HEAT
251.5,31.66,28,HEAT
252.0,31.66,28,HEAT
252.5,31.56,28,HEAT
253.0,31.56,28,HEAT
253.5,31.47,28,HEAT
254.0,31.47,28,HEAT
254.5,31.47,28,HEAT
255.0,31.38,28,HEAT
255.5,31.38,28,HEAT
256.0,31.38,28,HEAT
256.5,31.38,28,HEAT
257.0,31.28,28,HEAT
257.5,31.19,28,HEAT
258.0,31.19,28,HEAT
258.5,31.19,28,HEAT
259.0,31.1,28,HEAT
259.5,31.1,28,HEAT
260.0,31.1,28,HEAT
260.5,31.0,28,HEAT
261.0,31.0,28,HEAT
261.5,31.0,28,HEAT
262.0,31.0,28,HEAT
262.5,30.91,28,HEAT
263.0,30.91,28,HEAT
263.5,30.82,28,HEAT
264.0,30.82,28,HEAT
264.5,30.82,28,HEAT
265.0,30.72,28,HEAT
265.5,30.72,28,HEAT
266.0,30.72,28,HEAT
266.5,30.63,28,HEAT
267.0,30.63,28,HEAT
267.5,30.63,28,HEAT
268.0,30.54,28,HEAT
268.5,30.54,28,HEAT
269.0,30.54,28,HEAT
269.5,30.45,28,HEAT
270.0,30.45,28,HEAT
270.5,30.45,28,HEAT
271.0,30.35,28,HEAT
271.5,30.35,28,HEAT
272.0,30.35,28,HEAT
272.5,30.26,28,HEAT
273.0,30.26,28,HEAT
273.5,30.26,28,HEAT
274.0,30.26,28,HEAT
274.5,30.26,28,HEAT
275.0,30.17,28,HEAT
275.5,30.17,28,HEAT
276.0,30.08,28,HEAT
276.5,30.08,28,HEAT
277.0,30.08,28,HEAT
277.5,29.99,28,HEAT
278.0,29.99,28,HEAT
278.5,29.99,28,HEAT
279.0,29.99,28,HEAT
279.5,29.89,28,HEAT
280.0,29.89,28,HEAT
280.5,29.89,28,HEAT
281.0,29.89,28,HEAT
281.5,29.89,28,HEAT
282.0,29.89,28,HEAT
282.5,29.8,28,HEAT
283.0,29.8,28,HEAT
283.5,29.8,28,HEAT
284.0,29.8,28,HEAT
284.5,29.8,28,HEAT
285.0,29.8,28,HEAT
285.5,29.71,28,HEAT
286.0,29.71,28,HEAT
286.5,29.71,28,HEAT
287.0,29.71,28,HEAT
287.5,29.71,28,HEAT
288.0,29.62,28,HEAT
288.5,29.62,28,HEAT
289.0,29.62,28,HEAT
289.5,29.62,28,HEAT
290.0,29.62,28,HEAT
290.5,29.53,28,HEAT
291.0,29.62,28,HEAT
291.5,29.53,28,HEAT
292.0,29.53,28,HEAT
292.5,29.53,28,HEAT
293.0,29.43,28,HEAT
293.5,29.53,28,HEAT
294.0,29.43,28,HEAT
294.5,29.43,28,HEAT
295.0,29.43,28,HEAT
295.5,29.43,28,HEAT
296.0,29.34,28,HEAT
296.5,29.34,28,HEAT
297.0,29.34,28,HEAT
297.5,29.34,28,HEAT
298.0,29.34,28,HEAT
298.5,29.25,28,HEAT
299.0,29.25,28,HEAT
299.5,29.16,28,HEAT
300.0,29.16,28,HEAT
300.5,29.16,28,HEAT
301.0,29.16,28,HEAT
301.5,29.16,28,HEAT
302.0,29.07,28,HEAT
302.5,29.07,28,HEAT
303.0,29.07,28,HEAT
303.5,29.07,28,HEAT
304.0,29.07,28,HEAT
304.5,29.07,28,HEAT
305.0,28.98,28,HEAT
305.5,28.98,28,HEAT
306.0,28.98,28,HEAT
306.5,28.98,28,HEAT
307.0,28.89,28,HEAT
307.5,28.89,28,HEAT
308.0,28.89,28,HEAT
308.5,28.89,28,HEAT
309.0,28.89,28,HEAT
309.5,28.89,28,HEAT
310.0,28.8,28,HEAT
310.5,28.8,28,HEAT
311.0,28.8,28,HEAT
311.5,28.8,28,HEAT
312.0,28.8,28,HEAT
312.5,28.8,28,HEAT
313.0,28.71,28,HEAT
313.5,28.71,28,HEAT
314.0,28.71,28,HEAT
314.5,28.8,28,HEAT
315.0,28.8,28,HEAT
315.5,28.8,28,HEAT
316.0,28.8,28,HEAT
316.5,28.8,28,HEAT
317.0,28.71,28,HEAT
317.5,28.71,28,HEAT
318.0,28.71,28,HEAT
318.5,28.71,28,HEAT
319.0,28.71,28,HEAT
319.5,28.61,28,HEAT
320.0,28.61,28,HEAT
320.5,28.61,28,HEAT
321.0,28.61,28,HEAT
321.5,28.61,28,HEAT
322.0,28.61,28,HEAT
322.5,28.52,28,HEAT
323.0,28.52,28,HEAT
323.5,28.52,28,HEAT
324.0,28.52,28,HEAT
324.5,28.43,28,HEAT
325.0,28.43,28,HEAT
325.5,28.43,28,HEAT
326.0,28.43,28,HEAT
326.5,28.43,28,HEAT
327.0,28.43,28,HEAT
327.5,28.43,28,HEAT
328.0,28.43,28,HEAT
328.5,28.43,28,HEAT
329.0,28.34,28,HEAT
329.5,30.72,28,HEAT
330.0,28.25,28,HEAT
330.5,28.34,28,HEAT
331.0,28.25,28,HEAT
331.5,28.25,28,HEAT
332.0,28.34,28,HEAT
332.5,28.34,28,HEAT
333.0,28.52,28,HEAT
333.5,28.52,28,HEAT
334.0,28.52,28,HEAT
334.5,28.61,28,HEAT
335.0,28.52,28,HEAT
335.5,28.43,28,HEAT
336.0,28.52,28,HEAT
336.5,28.43,28,HEAT
337.0,28.43,28,HEAT
337.5,28.43,28,HEAT
338.0,28.34,28,HEAT
338.5,28.43,28,HEAT
339.0,28.34,28,HEAT
339.5,28.07,28,HEAT
340.0,28.07,28,HEAT
340.5,27.98,28,HEAT
341.0,27.89,28,HEAT
341.5,27.98,28,HEAT
342.0,27.98,28,HEAT
342.5,27.98,28,HEAT
343.0,27.98,28,HEAT
343.5,27.98,28,HEAT
344.0,27.89,28,HEAT
344.5,27.89,28,HEAT
345.0,27.98,28,HEAT
345.5,27.98,28,HEAT
346.0,27.71,28,HEAT
346.5,28.16,28,HEAT
347.0,28.16,28,HEAT
347.5,28.25,28,HEAT
348.0,28.16,28,HEAT
348.5,28.25,28,HEAT
349.0,28.43,28,HEAT
349.5,28.52,28,HEAT
350.0,28.52,28,HEAT
350.5,28.61,28,HEAT
351.0,28.8,28,HEAT
351.5,28.71,28,HEAT
352.0,28.8,28,HEAT
352.5,28.8,28,HEAT
353.0,28.89,28,HEAT
353.5,28.98,28,HEAT
354.0,29.07,28,HEAT
354.5,29.34,28,HEAT
355.0,29.07,28,HEAT
355.5,29.16,28,HEAT
356.0,29.34,28,HEAT
356.5,29.43,28,HEAT
357.0,29.34,28,HEAT
357.5,29.34,28,HEAT
358.0,29.53,59,HEAT
358.5,29.53,59,HEAT
359.0,29.71,59,HEAT
359.5,29.8,59,HEAT
360.0,29.99,59,HEAT
360.5,30.17,59,HEAT
361.0,30.35,59,HEAT
361.5,30.45,59,HEAT
362.0,30.54,59,HEAT
362.5,30.82,59,HEAT
363.0,31.0,59,HEAT
363.5,31.19,59,HEAT
364.0,31.28,59,HEAT
364.5,31.38,59,HEAT
365.0,31.66,59,HEAT
365.5,31.75,59,HEAT
366.0,32.03,59,HEAT
366.5,32.13,59,COOL
367.0,32.03,59,COOL
367.5,32.13,59,COOL
368.0,31.94,59,COOL
368.5,31.94,59,COOL
369.0,31.85,59,COOL
369.5,31.56,59,COOL
370.0,31.56,59,COOL
370.5,31.47,59,COOL
371.0,31.28,59,COOL
371.5,30.91,59,COOL
372.0,30.82,59,COOL
372.5,30.72,59,COOL
373.0,30.35,59,COOL
373.5,30.35,59,COOL
374.0,30.08,59,COOL
374.5,29.99,59,COOL
375.0,29.8,59,COOL
375.5,29.71,59,COOL
376.0,29.53,59,COOL
376.5,29.43,59,COOL
377.0,29.16,59,COOL
377.5,28.98,59,COOL
378.0,28.98,59,COOL
378.5,28.71,59,COOL
379.0,28.61,59,COOL
379.5,28.52,59,COOL
380.0,28.25,59,COOL
380.5,28.16,59,COOL
381.0,28.07,59,COOL
381.5,27.89,59,COOL
382.0,27.62,59,COOL
382.5,27.62,59,COOL
383.0,27.44,59,COOL
383.5,27.26,59,COOL
384.0,27.08,59,COOL
384.5,26.91,59,COOL
385.0,26.91,59,COOL
385.5,26.73,59,COOL
386.0,26.64,59,COOL
386.5,26.64,59,COOL
387.0,26.46,59,COOL
387.5,26.55,59,COOL
388.0,26.19,59,COOL
388.5,26.1,59,COOL
389.0,25.93,59,COOL
389.5,25.93,59,COOL
390.0,25.75,59,COOL
390.5,25.66,59,COOL
391.0,25.57,59,COOL
391.5,25.48,59,COOL
392.0,25.22,59,COOL
392.5,25.13,59,COOL
393.0,25.13,59,COOL
393.5,24.96,59,COOL
394.0,24.87,59,COOL
394.5,24.78,59,COOL
395.0,24.6,59,COOL
395.5,23.99,59,COOL
396.0,24.43,59,COOL
396.5,24.25,59,COOL
397.0,24.25,59,COOL
397.5,24.25,59,COOL
398.0,23.9,59,COOL
398.5,23.99,59,COOL
399.0,23.73,59,COOL
399.5,23.55,59,COOL
400.0,23.64,59,COOL
400.5,23.64,59,COOL
401.0,23.38,59,COOL
401.5,23.29,59,COOL
402.0,23.21,59,COOL
402.5,23.21,59,COOL
403.0,23.21,59,COOL
403.5,23.12,59,COOL
404.0,23.03,59,COOL
404.5,22.86,59,COOL
405.0,22.6,59,COOL
405.5,22.68,59,COOL
406.0,22.6,59,COOL
406.5,22.51,59,COOL
407.0,22.42,59,COOL
407.5,22.25,59,COOL
408.0,22.25,59,COOL
408.5,22.25,59,COOL
409.0,22.25,59,COOL
409.5,22.08,59,COOL
410.0,21.82,59,COOL
410.5,21.82,59,COOL
411.0,21.64,59,COOL
411.5,21.73,59,COOL
412.0,21.82,59,COOL
412.5,21.47,59,COOL
413.0,21.64,59,COOL
413.5,21.38,59,COOL
414.0,21.3,59,COOL
414.5,21.3,59,COOL
415.0,21.21,59,COOL
415.5,21.21,59,COOL
416.0,21.04,59,COOL
416.5,20.87,59,COOL
417.0,20.95,59,COOL
417.5,20.78,59,COOL
418.0,20.61,59,COOL
418.5,20.61,59,COOL
419.0,20.52,59,COOL
419.5,20.26,59,COOL
420.0,20.52,59,COOL
420.5,20.35,59,COOL
421.0,20.35,59,COOL
421.5,20.26,59,COOL
422.0,20.26,59,COOL
422.5,20.35,59,COOL
423.0,20.0,59,COOL
423.5,20.09,59,COOL
424.0,20.0,59,COOL
424.5,19.92,59,COOL
425.0,19.75,59,COOL
425.5,19.75,59,COOL
426.0,19.57,59,COOL
426.5,19.49,59,COOL
427.0,19.57,59,COOL
427.5,19.57,59,COOL
428.0,20.61,59,COOL
428.5,19.4,59,COOL
429.0,19.23,59,COOL
429.5,19.14,59,COOL
430.0,19.14,59,COOL
430.5,19.23,59,COOL
431.0,18.97,59,COOL
431.5,18.88,59,COOL
432.0,19.06,59,COOL
432.5,18.8,59,COOL
433.0,18.71,59,COOL
433.5,18.63,59,COOL
434.0,18.63,59,COOL
434.5,18.71,59,COOL
435.0,18.63,59,COOL
435.5,18.45,59,COOL
436.0,18.28,59,COOL
436.5,18.37,59,COOL
437.0,18.45,59,COOL
437.5,18.28,59,COOL
438.0,18.37,59,COOL
438.5,18.28,59,COOL
439.0,18.02,59,COOL
439.5,18.02,59,COOL
440.0,17.85,59,COOL
440.5,17.94,59,COOL
441.0,17.94,59,COOL
441.5,17.94,59,COOL
442.0,17.77,59,COOL
442.5,17.85,59,COOL
443.0,17.77,59,COOL
443.5,17.77,59,COOL
444.0,17.59,59,COOL
444.5,17.77,59,COOL
445.0,17.51,59,COOL
445.5,17.51,59,COOL
446.0,17.42,59,COOL
446.5,17.42,59,COOL
447.0,17.34,59,COOL
447.5,17.25,59,COOL
448.0,17.16,59,COOL
448.5,17.25,59,COOL
449.0,17.16,59,COOL
449.5,17.34,59,COOL
450.0,16.9,59,COOL
450.5,16.9,59,COOL
451.0,17.08,59,COOL
451.5,16.73,59,COOL
452.0,16.82,59,COOL
452.5,16.9,59,COOL
453.0,16.82,59,COOL
453.5,16.73,59,COOL
454.0,16.73,59,COOL
454.5,16.82,59,COOL
455.0,16.65,59,COOL
455.5,16.9,59,COOL
456.0,16.47,59,COOL
456.5,16.39,59,COOL
457.0,16.47,59,COOL
457.5,16.47,59,COOL
458.0,16.56,59,COOL
458.5,16.3,59,COOL
459.0,16.13,59,COOL
459.5,16.47,59,COOL
460.0,16.22,59,COOL
460.5,16.04,59,COOL
461.0,16.13,59,COOL
461.5,16.3,59,COOL
462.0,16.04,59,COOL
462.5,16.22,59,COOL
463.0,15.96,59,COOL
463.5,16.04,59,COOL
464.0,16.04,59,COOL
464.5,15.96,59,COOL
465.0,15.78,59,COOL
465.5,15.7,59,COOL
466.0,15.78,59,COOL
466.5,15.87,59,COOL
467.0,15.7,59,COOL
467.5,15.78,59,COOL
468.0,15.52,59,COOL
468.5,15.52,59,COOL
469.0,15.52,59,COOL
469.5,15.44,59,COOL
470.0,15.44,59,COOL
470.5,15.44,59,COOL
471.0,15.52,59,COOL
471.5,15.35,59,COOL
472.0,15.52,59,COOL
472.5,15.26,59,COOL
473.0,15.35,59,COOL
473.5,15.26,59,COOL
474.0,15.35,59,COOL
474.5,15.18,59,COOL
475.0,15.01,59,COOL
475.5,15.26,59,COOL
476.0,14.83,59,COOL
476.5,15.01,59,COOL
477.0,15.18,59,COOL
477.5,15.01,59,COOL
478.0,14.92,59,COOL
478.5,14.92,59,COOL
479.0,14.92,59,COOL
479.5,14.83,59,COOL
480.0,14.83,59,COOL
480.5,15.01,59,COOL
481.0,14.83,59,COOL
481.5,14.83,59,COOL
482.0,14.57,59,COOL
482.5,14.75,59,COOL
483.0,14.75,59,COOL
483.5,14.31,59,COOL
484.0,14.48,59,COOL
484.5,14.66,59,COOL
485.0,14.57,59,COOL
485.5,14.48,59,COOL
486.0,14.48,59,COOL
486.5,14.4,59,COOL
487.0,14.48,59,COOL
487.5,14.4,59,COOL
488.0,14.4,59,COOL
488.5,14.57,59,COOL
489.0,14.31,59,COOL
489.5,14.4,59,COOL
490.0,14.4,59,COOL
490.5,14.57,59,COOL
491.0,14.22,59,COOL
491.5,14.05,59,COOL
492.0,14.31,59,COOL
492.5,14.14,59,COOL
493.0,14.31,59,COOL
493.5,14.22,59,COOL
494.0,14.05,59,COOL
494.5,13.96,59,COOL
495.0,13.96,59,COOL
495.5,14.14,59,COOL
496.0,13.79,59,COOL
496.5,13.88,59,COOL
497.0,14.05,59,COOL
497.5,13.96,59,COOL
498.0,13.79,59,COOL
498.5,13.96,59,COOL
499.0,13.88,59,COOL
499.5,13.62,59,COOL
500.0,13.88,59,COOL
500.5,13.79,59,COOL
501.0,13.88,59,COOL
501.5,13.79,59,COOL
502.0,13.79,59,COOL
502.5,13.79,59,COOL
503.0,13.79,59,COOL
503.5,13.62,59,COOL
504.0,13.44,59,COOL
504.5,13.7,59,COOL
505.0,13.7,59,COOL
505.5,13.62,59,COOL
506.0,13.62,59,COOL
506.5,13.62,59,COOL
507.0,13.0,59,COOL
507.5,13.27,59,COOL
508.0,13.44,59,COOL
508.5,13.35,59,COOL
509.0,13.35,59,COOL
509.5,13.62,59,COOL
510.0,13.35,59,COOL
510.5,13.44,59,COOL
511.0,13.18,59,COOL
511.5,13.44,59,COOL
512.0,13.44,59,COOL
512.5,13.0,59,COOL
513.0,13.18,59,COOL
513.5,13.44,59,COOL
514.0,13.35,59,COOL
514.5,13.09,59,COOL
515.0,13.09,59,COOL
515.5,13.09,59,COOL
516.0,13.18,59,COOL
516.5,13.0,59,COOL
517.0,12.92,59,COOL
517.5,13.0,59,COOL
518.0,12.83,59,COOL
518.5,13.0,59,COOL
519.0,13.09,59,COOL
519.5,12.92,59,COOL
520.0,13.09,59,COOL
520.5,13.09,59,COOL
521.0,13.18,59,COOL
521.5,13.0,59,COOL
522.0,13.0,59,COOL
522.5,12.74,59,COOL
523.0,12.92,59,COOL
523.5,12.74,59,COOL
524.0,12.92,59,COOL
524.5,12.74,59,COOL
525.0,13.0,59,COOL
525.5,13.0,59,COOL
526.0,12.74,59,COOL
526.5,12.83,59,COOL
527.0,12.83,59,COOL
527.5,13.0,59,COOL
528.0,12.57,59,COOL
528.5,12.83,59,COOL
529.0,12.74,59,COOL
529.5,12.83,59,COOL
530.0,12.74,59,COOL
530.5,12.65,59,COOL
531.0,12.57,59,COOL
531.5,12.74,59,COOL
532.0,12.57,59,COOL
532.5,12.65,59,COOL
533.0,12.92,59,COOL
533.5,12.39,59,COOL
534.0,12.65,59,COOL
534.5,12.57,59,COOL
535.0,12.57,59,COOL
535.5,12.48,59,COOL
536.0,12.65,59,COOL
536.5,12.39,59,COOL
537.0,12.04,59,COOL
537.5,12.21,59,COOL
538.0,12.3,59,COOL
538.5,12.21,59,COOL
539.0,12.3,59,COOL
539.5,12.3,59,COOL
540.0,12.48,59,COOL
540.5,12.3,59,COOL
541.0,11.95,59,COOL
541.5,12.13,59,COOL
542.0,12.21,59,COOL
542.5,12.21,59,COOL
543.0,12.39,59,COOL
543.5,12.13,59,COOL
544.0,12.13,59,COOL
544.5,12.3,59,COOL
545.0,12.13,59,COOL
545.5,12.21,59,COOL
546.0,12.39,59,COOL
546.5,12.04,59,COOL
547.0,11.95,59,COOL
547.5,12.04,59,COOL
548.0,12.13,59,COOL
548.5,12.04,59,COOL
549.0,12.21,59,COOL
549.5,12.21,59,COOL
550.0,12.21,59,COOL
550.5,12.13,59,COOL
551.0,12.13,59,COOL
551.5,12.04,59,COOL
552.0,11.77,59,COOL
552.5,12.04,59,COOL
553.0,12.13,59,COOL
553.5,12.13,59,COOL
554.0,11.51,59,COOL
554.5,11.86,59,COOL
555.0,12.13,59,COOL
555.5,11.95,59,COOL
556.0,12.04,59,COOL
556.5,11.95,0,COOL
557.0,12.13,0,COOL
557.5,11.95,0,COOL
558.0,11.86,0,COOL
558.5,12.13,0,COOL
559.0,12.13,0,COOL
559.5,12.3,0,COOL
560.0,12.21,0,COOL
560.5,12.48,0,COOL
561.0,12.39,0,COOL
561.5,12.65,0,COOL
562.0,12.48,0,COOL
562.5,12.83,0,COOL
563.0,13.0,0,COOL
563.5,13.0,0,COOL
564.0,12.74,0,COOL
564.5,13.27,0,COOL
565.0,13.0,0,COOL
565.5,13.0,0,COOL
566.0,13.35,0,COOL
566.5,13.53,0,COOL
567.0,13.27,0,COOL
567.5,13.7,0,COOL
568.0,13.27,0,COOL
568.5,13.35,0,COOL
569.0,13.53,0,COOL
569.5,13.88,0,COOL
570.0,13.7,0,COOL
570.5,13.88,0,COOL
571.0,13.62,0,COOL
571.5,13.88,0,COOL
572.0,13.88,0,COOL
572.5,14.31,0,COOL
573.0,14.14,0,COOL
573.5,14.48,0,COOL
574.0,14.14,0,COOL
574.5,14.14,0,COOL
575.0,14.4,0,COOL
575.5,14.4,0,COOL
576.0,14.48,0,COOL
576.5,14.48,0,COOL
577.0,14.66,0,COOL
577.5,14.83,0,COOL
578.0,14.75,0,COOL
578.5,14.75,0,COOL
579.0,14.83,0,COOL
579.5,14.75,0,COOL
580.0,14.92,0,COOL
580.5,15.26,0,COOL
581.0,15.09,0,COOL
581.5,15.01,0,COOL
582.0,15.18,0,COOL
582.5,15.26,0,COOL
583.0,15.01,0,COOL
583.5,15.09,0,COOL
584.0,15.35,0,COOL
584.5,15.18,0,COOL
585.0,15.09,0,COOL
585.5,15.35,0,COOL
586.0,15.52,0,COOL
586.5,15.52,0,COOL
587.0,15.61,0,COOL
587.5,15.7,0,COOL
588.0,15.78,0,COOL
588.5,15.52,0,COOL
589.0,15.61,0,COOL
589.5,15.78,0,COOL
590.0,15.87,0,COOL
590.5,15.96,0,COOL
591.0,15.87,0,COOL
591.5,15.7,0,COOL
592.0,15.96,0,COOL
592.5,16.13,0,COOL
593.0,16.22,0,COOL
593.5,15.87,0,COOL
594.0,16.22,0,COOL
594.5,16.04,0,COOL
595.0,16.04,0,COOL
595.5,16.47,0,COOL
596.0,16.22,0,COOL
596.5,16.22,0,COOL
597.0,16.39,0,COOL
597.5,16.04,0,COOL
598.0,16.73,0,COOL
598.5,16.65,0,COOL
599.0,16.39,0,COOL
599.5,16.65,0,COOL
600.0,16.73,0,HEAT
600.5,16.56,0,HEAT
601.0,16.65,2,HEAT
601.5,16.73,2,HEAT
602.0,16.56,2,HEAT
602.5,16.56,2,HEAT
603.0,16.65,2,HEAT
603.5,16.82,2,HEAT
604.0,16.9,2,HEAT
604.5,16.9,2,HEAT
605.0,17.08,2,HEAT
605.5,16.39,2,HEAT
606.0,17.08,2,HEAT
606.5,17.08,2,HEAT
607.0,17.25,2,HEAT
607.5,17.08,2,HEAT
608.0,17.16,2,HEAT
608.5,17.25,2,HEAT
609.0,17.08,2,HEAT
609.5,17.08,2,HEAT
610.0,17.08,2,HEAT
610.5,17.16,2,HEAT
611.0,17.42,2,HEAT
611.5,17.25,2,HEAT
612.0,17.59,2,HEAT
612.5,17.51,2,HEAT
613.0,17.59,2,HEAT
613.5,17.51,2,HEAT
614.0,17.51,2,HEAT
614.5,17.51,2,HEAT
615.0,17.59,2,HEAT
615.5,17.68,2,HEAT
616.0,17.51,2,HEAT
616.5,17.94,2,HEAT
617.0,17.59,2,HEAT
617.5,17.51,2,HEAT
618.0,17.94,2,HEAT
618.5,17.85,2,HEAT
619.0,17.85,2,HEAT
619.5,17.77,2,HEAT
620.0,17.85,2,HEAT
620.5,17.85,2,HEAT
621.0,18.02,2,HEAT
621.5,17.94,2,HEAT
622.0,18.45,2,HEAT
622.5,17.94,2,HEAT
623.0,18.11,2,HEAT
623.5,18.37,2,HEAT
624.0,18.2,2,HEAT
624.5,18.11,2,HEAT
625.0,18.37,2,HEAT
625.5,18.2,2,HEAT
626.0,18.2,2,HEAT
626.5,18.2,2,HEAT
627.0,18.45,2,HEAT
627.5,18.45,2,HEAT
628.0,18.54,2,HEAT
628.5,18.37,2,HEAT
629.0,18.54,2,HEAT
629.5,18.45,2,HEAT
630.0,18.63,2,HEAT
630.5,18.8,2,HEAT
631.0,18.63,2,HEAT
631.5,18.45,2,HEAT
632.0,18.54,2,HEAT
632.5,18.88,2,HEAT
633.0,18.8,2,HEAT
633.5,18.54,2,HEAT
634.0,18.88,2,HEAT
634.5,18.71,2,HEAT
635.0,18.63,2,HEAT
635.5,18.71,2,HEAT
636.0,18.97,2,HEAT
636.5,18.8,2,HEAT
637.0,19.06,2,HEAT
637.5,18.8,2,HEAT
638.0,18.88,2,HEAT
638.5,18.88,2,HEAT
639.0,18.97,2,HEAT
639.5,18.97,2,HEAT
640.0,19.14,2,HEAT
640.5,18.97,2,HEAT
641.0,19.23,2,HEAT
641.5,19.06,2,HEAT
642.0,19.23,2,HEAT
642.5,19.06,2,HEAT
643.0,19.06,2,HEAT
643.5,19.23,2,HEAT
644.0,19.23,2,HEAT
644.5,19.14,2,HEAT
645.0,19.4,2,HEAT
645.5,19.14,2,HEAT
646.0,19.23,2,HEAT
646.5,19.4,2,HEAT
647.0,19.4,2,HEAT
647.5,19.32,2,HEAT
648.0,19.23,2,HEAT
648.5,19.32,2,HEAT
649.0,19.4,2,HEAT
649.5,19.32,2,HEAT
650.0,19.4,2,HEAT
650.5,19.4,2,HEAT
651.0,19.4,2,HEAT
651.5,19.4,2,HEAT
652.0,19.57,2,HEAT
652.5,19.57,2,HEAT
653.0,19.49,2,HEAT
653.5,19.57,2,HEAT
654.0,19.49,2,HEAT
654.5,19.4,2,HEAT
655.0,19.57,2,HEAT
655.5,19.49,2,HEAT
656.0,19.57,2,HEAT
656.5,19.92,2,HEAT
657.0,19.57,2,HEAT
657.5,19.66,2,HEAT
658.0,19.75,2,HEAT
658.5,19.83,2,HEAT
659.0,19.75,2,HEAT
659.5,19.83,2,HEAT
660.0,19.75,2,HEAT
660.5,19.92,2,HEAT
661.0,19.75,2,HEAT
661.5,19.92,2,HEAT
662.0,19.83,2,HEAT
662.5,19.92,2,HEAT
663.0,20.18,2,HEAT
663.5,20.0,2,HEAT
664.0,19.92,2,HEAT
664.5,20.0,2,HEAT
665.0,20.0,2,HEAT
665.5,19.92,2,HEAT
666.0,19.66,2,HEAT
666.5,20.0,2,HEAT
667.0,20.0,2,HEAT
667.5,20.09,2,HEAT
668.0,20.0,2,HEAT
668.5,20.09,2,HEAT
669.0,20.09,2,HEAT
669.5,20.09,2,HEAT
670.0,20.09,2,HEAT
670.5,20.09,2,HEAT
671.0,20.0,2,HEAT
671.5,20.18,2,HEAT
672.0,20.09,2,HEAT
672.5,20.0,2,HEAT
673.0,20.09,2,HEAT
673.5,20.18,2,HEAT
674.0,20.26,2,HEAT
674.5,20.26,2,HEAT
675.0,20.18,2,HEAT
675.5,20.18,2,HEAT
676.0,20.09,2,HEAT
676.5,20.26,2,HEAT
677.0,20.35,2,HEAT
677.5,20.35,2,HEAT
678.0,20.35,2,HEAT
678.5,20.43,2,HEAT
679.0,20.35,2,HEAT
