gain_elapsed_s,arduino_s,kp_pwm_per_C,setpoint_C,temperature_C,reported_pwm,reported_direction,command_pwm,command_direction,safety
0.564,376.46,30,30.0,29.42,11,HEAT,17,HEAT,OK
1.129,377.02,30,30.0,29.42,17,HEAT,17,HEAT,OK
1.698,377.59,30,30.0,29.43,17,HEAT,17,HEAT,OK
2.263,378.16,30,30.0,29.44,17,HEAT,17,HEAT,OK
2.829,378.72,30,30.0,29.46,17,HEAT,16,HEAT,OK
3.394,379.29,30,30.0,29.48,16,HEAT,16,HEAT,OK
3.963,379.86,30,30.0,29.49,16,HEAT,15,HEAT,OK
4.528,380.42,30,30.0,29.5,15,HEAT,15,HEAT,OK
5.094,380.99,30,30.0,29.52,15,HEAT,14,HEAT,OK
5.659,381.55,30,30.0,29.54,14,HEAT,14,HEAT,OK
6.228,382.12,30,30.0,29.56,14,HEAT,13,HEAT,OK
6.794,382.69,30,30.0,29.56,13,HEAT,13,HEAT,OK
7.359,383.25,30,30.0,29.57,13,HEAT,13,HEAT,OK
7.924,383.82,30,30.0,29.58,13,HEAT,13,HEAT,OK
8.493,384.39,30,30.0,29.59,13,HEAT,12,HEAT,OK
9.059,384.95,30,30.0,29.6,12,HEAT,12,HEAT,OK
9.624,385.52,30,30.0,29.6,12,HEAT,12,HEAT,OK
10.19,386.08,30,30.0,29.6,12,HEAT,12,HEAT,OK
10.758,386.65,30,30.0,29.61,12,HEAT,12,HEAT,OK
11.323,387.22,30,30.0,29.61,12,HEAT,12,HEAT,OK
11.889,387.78,30,30.0,29.62,12,HEAT,11,HEAT,OK
12.454,388.35,30,30.0,29.61,11,HEAT,12,HEAT,OK
13.023,388.91,30,30.0,29.61,12,HEAT,12,HEAT,OK
13.588,389.48,30,30.0,29.61,12,HEAT,12,HEAT,OK
14.154,390.05,30,30.0,29.61,12,HEAT,12,HEAT,OK
14.719,390.61,30,30.0,29.61,12,HEAT,12,HEAT,OK
15.288,391.18,30,30.0,29.61,12,HEAT,12,HEAT,OK
15.853,391.74,30,30.0,29.61,12,HEAT,12,HEAT,OK
16.419,392.31,30,30.0,29.61,12,HEAT,12,HEAT,OK
16.984,392.88,30,30.0,29.61,12,HEAT,12,HEAT,OK
17.553,393.44,30,30.0,29.61,12,HEAT,12,HEAT,OK
18.118,394.01,30,30.0,29.6,12,HEAT,12,HEAT,OK
18.683,394.58,30,30.0,29.61,12,HEAT,12,HEAT,OK
19.252,395.14,30,30.0,29.61,12,HEAT,12,HEAT,OK
19.818,395.71,30,30.0,29.61,12,HEAT,12,HEAT,OK
20.383,396.27,30,30.0,29.61,12,HEAT,12,HEAT,OK
20.948,396.84,30,30.0,29.61,12,HEAT,12,HEAT,OK
21.517,397.41,30,30.0,29.6,12,HEAT,12,HEAT,OK
22.083,397.97,30,30.0,29.61,12,HEAT,12,HEAT,OK
22.649,398.54,30,30.0,29.61,12,HEAT,12,HEAT,OK
23.217,399.11,30,30.0,29.6,12,HEAT,12,HEAT,OK
23.782,399.67,30,30.0,29.6,12,HEAT,12,HEAT,OK
24.348,400.24,30,30.0,29.61,12,HEAT,12,HEAT,OK
24.913,400.8,30,30.0,29.61,12,HEAT,12,HEAT,OK
25.479,401.37,30,30.0,29.6,12,HEAT,12,HEAT,OK
26.048,401.94,30,30.0,29.6,12,HEAT,12,HEAT,OK
26.613,402.5,30,30.0,29.61,12,HEAT,12,HEAT,OK
27.178,403.07,30,30.0,29.6,12,HEAT,12,HEAT,OK
27.744,403.63,30,30.0,29.6,12,HEAT,12,HEAT,OK
28.313,404.2,30,30.0,29.6,12,HEAT,12,HEAT,OK
28.878,404.77,30,30.0,29.6,12,HEAT,12,HEAT,OK
29.443,405.33,30,30.0,29.6,12,HEAT,12,HEAT,OK
30.009,405.9,30,30.0,29.6,12,HEAT,12,HEAT,OK
30.577,406.46,30,30.0,29.6,12,HEAT,12,HEAT,OK
31.143,407.03,30,30.0,29.6,12,HEAT,12,HEAT,OK
31.709,407.6,30,30.0,29.6,12,HEAT,12,HEAT,OK
32.274,408.16,30,30.0,29.6,12,HEAT,12,HEAT,OK
32.843,408.73,30,30.0,29.6,12,HEAT,12,HEAT,OK
33.408,409.29,30,30.0,29.6,12,HEAT,12,HEAT,OK
33.974,409.86,30,30.0,29.6,12,HEAT,12,HEAT,OK
34.539,410.43,30,30.0,29.6,12,HEAT,12,HEAT,OK
35.108,410.99,30,30.0,29.6,12,HEAT,12,HEAT,OK
35.673,411.56,30,30.0,29.6,12,HEAT,12,HEAT,OK
36.238,412.13,30,30.0,29.61,12,HEAT,12,HEAT,OK
36.804,412.69,30,30.0,29.6,12,HEAT,12,HEAT,OK
37.373,413.26,30,30.0,29.6,12,HEAT,12,HEAT,OK
37.938,413.82,30,30.0,29.6,12,HEAT,12,HEAT,OK
38.503,414.39,30,30.0,29.59,12,HEAT,12,HEAT,OK
39.068,414.96,30,30.0,29.6,12,HEAT,12,HEAT,OK
39.638,415.52,30,30.0,29.6,12,HEAT,12,HEAT,OK
40.203,416.09,30,30.0,29.59,12,HEAT,12,HEAT,OK
40.769,416.66,30,30.0,29.6,12,HEAT,12,HEAT,OK
41.333,417.22,30,30.0,29.59,12,HEAT,12,HEAT,OK
41.903,417.79,30,30.0,29.6,12,HEAT,12,HEAT,OK
42.468,418.35,30,30.0,29.6,12,HEAT,12,HEAT,OK
43.033,418.92,30,30.0,29.59,12,HEAT,12,HEAT,OK
43.602,419.48,30,30.0,29.59,12,HEAT,12,HEAT,OK
44.168,420.05,30,30.0,29.59,12,HEAT,12,HEAT,OK
44.733,420.62,30,30.0,29.59,12,HEAT,12,HEAT,OK
45.298,421.18,30,30.0,29.6,12,HEAT,12,HEAT,OK
45.867,421.75,30,30.0,29.6,12,HEAT,12,HEAT,OK
46.432,422.32,30,30.0,29.59,12,HEAT,12,HEAT,OK
46.998,422.88,30,30.0,29.59,12,HEAT,12,HEAT,OK
47.564,423.45,30,30.0,29.59,12,HEAT,12,HEAT,OK
48.132,424.01,30,30.0,29.59,12,HEAT,12,HEAT,OK
48.697,424.58,30,30.0,29.59,12,HEAT,12,HEAT,OK
49.264,425.15,30,30.0,29.59,12,HEAT,12,HEAT,OK
49.829,425.71,30,30.0,29.59,12,HEAT,12,HEAT,OK
50.397,426.28,30,30.0,29.59,12,HEAT,12,HEAT,OK
50.963,426.85,30,30.0,29.58,12,HEAT,13,HEAT,OK
51.528,427.41,30,30.0,29.58,13,HEAT,13,HEAT,OK
52.094,427.98,30,30.0,29.58,13,HEAT,13,HEAT,OK
52.662,428.54,30,30.0,29.58,13,HEAT,13,HEAT,OK
53.227,429.11,30,30.0,29.58,13,HEAT,13,HEAT,OK
53.793,429.68,30,30.0,29.59,13,HEAT,12,HEAT,OK
54.358,430.24,30,30.0,29.6,12,HEAT,12,HEAT,OK
54.927,430.81,30,30.0,29.59,12,HEAT,12,HEAT,OK
55.492,431.37,30,30.0,29.6,12,HEAT,12,HEAT,OK
56.058,431.94,30,30.0,29.6,12,HEAT,12,HEAT,OK
56.624,432.51,30,30.0,29.6,12,HEAT,12,HEAT,OK
57.192,433.07,30,30.0,29.6,12,HEAT,12,HEAT,OK
57.758,433.64,30,30.0,29.6,12,HEAT,12,HEAT,OK
58.323,434.2,30,30.0,29.6,12,HEAT,12,HEAT,OK
58.888,434.77,30,30.0,29.6,12,HEAT,12,HEAT,OK
59.457,435.34,30,30.0,29.6,12,HEAT,12,HEAT,OK
60.023,435.9,30,30.0,29.6,12,HEAT,12,HEAT,OK
60.588,436.47,30,30.0,29.6,12,HEAT,12,HEAT,OK
61.153,437.04,30,30.0,29.6,12,HEAT,12,HEAT,OK
61.722,437.6,30,30.0,29.59,12,HEAT,12,HEAT,OK
62.288,438.17,30,30.0,29.59,12,HEAT,12,HEAT,OK
62.853,438.73,30,30.0,29.59,12,HEAT,12,HEAT,OK
63.418,439.3,30,30.0,29.59,12,HEAT,12,HEAT,OK
63.987,439.87,30,30.0,29.59,12,HEAT,12,HEAT,OK
64.552,440.43,30,30.0,29.59,12,HEAT,12,HEAT,OK
65.118,441.0,30,30.0,29.59,12,HEAT,12,HEAT,OK
65.687,441.57,30,30.0,29.59,12,HEAT,12,HEAT,OK
66.252,442.13,30,30.0,29.59,12,HEAT,12,HEAT,OK
66.818,442.7,30,30.0,29.59,12,HEAT,12,HEAT,OK
67.383,443.26,30,30.0,29.59,12,HEAT,12,HEAT,OK
67.952,443.83,30,30.0,29.58,12,HEAT,13,HEAT,OK
68.517,444.4,30,30.0,29.58,13,HEAT,13,HEAT,OK
69.082,444.96,30,30.0,29.58,13,HEAT,13,HEAT,OK
69.648,445.53,30,30.0,29.58,13,HEAT,13,HEAT,OK
70.217,446.09,30,30.0,29.58,13,HEAT,13,HEAT,OK
70.782,446.66,30,30.0,29.59,13,HEAT,12,HEAT,OK
71.348,447.23,30,30.0,29.59,12,HEAT,12,HEAT,OK
71.913,447.79,30,30.0,29.6,12,HEAT,12,HEAT,OK
72.482,448.36,30,30.0,29.59,12,HEAT,12,HEAT,OK
73.047,448.92,30,30.0,29.6,12,HEAT,12,HEAT,OK
73.613,449.49,30,30.0,29.6,12,HEAT,12,HEAT,OK
74.178,450.06,30,30.0,29.59,12,HEAT,12,HEAT,OK
74.747,450.62,30,30.0,29.59,12,HEAT,12,HEAT,OK
75.312,451.19,30,30.0,29.6,12,HEAT,12,HEAT,OK
75.877,451.76,30,30.0,29.6,12,HEAT,12,HEAT,OK
76.443,452.32,30,30.0,29.6,12,HEAT,12,HEAT,OK
77.011,452.89,30,30.0,29.6,12,HEAT,12,HEAT,OK
77.577,453.45,30,30.0,29.59,12,HEAT,12,HEAT,OK
78.143,454.02,30,30.0,29.6,12,HEAT,12,HEAT,OK
78.708,454.59,30,30.0,29.59,12,HEAT,12,HEAT,OK
79.277,455.15,30,30.0,29.59,12,HEAT,12,HEAT,OK
79.842,455.72,30,30.0,29.59,12,HEAT,12,HEAT,OK
80.407,456.29,30,30.0,29.59,12,HEAT,12,HEAT,OK
80.973,456.85,30,30.0,29.59,12,HEAT,12,HEAT,OK
81.542,457.42,30,30.0,29.59,12,HEAT,12,HEAT,OK
82.107,457.98,30,30.0,29.59,12,HEAT,12,HEAT,OK
82.673,458.55,30,30.0,29.59,12,HEAT,12,HEAT,OK
83.238,459.11,30,30.0,29.6,12,HEAT,12,HEAT,OK
83.807,459.68,30,30.0,29.59,12,HEAT,12,HEAT,OK
84.372,460.25,30,30.0,29.59,12,HEAT,12,HEAT,OK
84.938,460.81,30,30.0,29.59,12,HEAT,12,HEAT,OK
85.503,461.38,30,30.0,29.59,12,HEAT,12,HEAT,OK
86.072,461.95,30,30.0,29.59,12,HEAT,12,HEAT,OK
86.637,462.51,30,30.0,29.59,12,HEAT,12,HEAT,OK
87.203,463.08,30,30.0,29.59,12,HEAT,12,HEAT,OK
87.768,463.64,30,30.0,29.59,12,HEAT,12,HEAT,OK
88.336,464.21,30,30.0,29.58,12,HEAT,13,HEAT,OK
88.902,464.78,30,30.0,29.58,13,HEAT,13,HEAT,OK
89.467,465.34,30,30.0,29.58,13,HEAT,13,HEAT,OK
90.034,465.91,30,30.0,29.58,13,HEAT,13,HEAT,OK
90.601,466.48,30,30.0,29.59,13,HEAT,12,HEAT,OK
91.167,467.04,30,30.0,29.59,12,HEAT,12,HEAT,OK
91.733,467.61,30,30.0,29.59,12,HEAT,12,HEAT,OK
92.305,468.17,30,30.0,29.6,12,HEAT,12,HEAT,OK
92.867,468.74,30,30.0,29.6,12,HEAT,12,HEAT,OK
93.432,469.31,30,30.0,29.6,12,HEAT,12,HEAT,OK
93.998,469.87,30,30.0,29.6,12,HEAT,12,HEAT,OK
94.566,470.44,30,30.0,29.6,12,HEAT,12,HEAT,OK
95.132,471.0,30,30.0,29.6,12,HEAT,12,HEAT,OK
95.697,471.57,30,30.0,29.6,12,HEAT,12,HEAT,OK
96.263,472.14,30,30.0,29.6,12,HEAT,12,HEAT,OK
96.831,472.7,30,30.0,29.6,12,HEAT,12,HEAT,OK
97.397,473.27,30,30.0,29.6,12,HEAT,12,HEAT,OK
97.962,473.83,30,30.0,29.6,12,HEAT,12,HEAT,OK
98.527,474.4,30,30.0,29.6,12,HEAT,12,HEAT,OK
99.096,474.97,30,30.0,29.6,12,HEAT,12,HEAT,OK
99.662,475.53,30,30.0,29.6,12,HEAT,12,HEAT,OK
100.228,476.1,30,30.0,29.6,12,HEAT,12,HEAT,OK
100.792,476.67,30,30.0,29.6,12,HEAT,12,HEAT,OK
101.361,477.23,30,30.0,29.6,12,HEAT,12,HEAT,OK
101.927,477.8,30,30.0,29.6,12,HEAT,12,HEAT,OK
102.492,478.36,30,30.0,29.6,12,HEAT,12,HEAT,OK
103.057,478.93,30,30.0,29.61,12,HEAT,12,HEAT,OK
103.627,479.5,30,30.0,29.59,12,HEAT,12,HEAT,OK
104.191,480.06,30,30.0,29.61,12,HEAT,12,HEAT,OK
104.757,480.63,30,30.0,29.6,12,HEAT,12,HEAT,OK
105.322,481.2,30,30.0,29.6,12,HEAT,12,HEAT,OK
105.891,481.76,30,30.0,29.6,12,HEAT,12,HEAT,OK
106.457,482.33,30,30.0,29.6,12,HEAT,12,HEAT,OK
107.025,482.89,30,30.0,29.6,12,HEAT,12,HEAT,OK
107.588,483.46,30,30.0,29.6,12,HEAT,12,HEAT,OK
108.156,484.02,30,30.0,29.6,12,HEAT,12,HEAT,OK
108.722,484.59,30,30.0,29.6,12,HEAT,12,HEAT,OK
109.287,485.16,30,30.0,29.6,12,HEAT,12,HEAT,OK
109.852,485.72,30,30.0,29.6,12,HEAT,12,HEAT,OK
110.421,486.29,30,30.0,29.6,12,HEAT,12,HEAT,OK
110.986,486.86,30,30.0,29.59,12,HEAT,12,HEAT,OK
111.552,487.42,30,30.0,29.6,12,HEAT,12,HEAT,OK
112.118,487.99,30,30.0,29.59,12,HEAT,12,HEAT,OK
112.686,488.55,30,30.0,29.6,12,HEAT,12,HEAT,OK
113.252,489.12,30,30.0,29.59,12,HEAT,12,HEAT,OK
113.817,489.69,30,30.0,29.6,12,HEAT,12,HEAT,OK
114.382,490.25,30,30.0,29.59,12,HEAT,12,HEAT,OK
114.951,490.82,30,30.0,29.59,12,HEAT,12,HEAT,OK
115.516,491.39,30,30.0,29.6,12,HEAT,12,HEAT,OK
116.082,491.95,30,30.0,29.59,12,HEAT,12,HEAT,OK
116.651,492.52,30,30.0,29.59,12,HEAT,12,HEAT,OK
117.216,493.08,30,30.0,29.6,12,HEAT,12,HEAT,OK
117.782,493.65,30,30.0,29.59,12,HEAT,12,HEAT,OK
118.347,494.22,30,30.0,29.59,12,HEAT,12,HEAT,OK
118.916,494.78,30,30.0,29.59,12,HEAT,12,HEAT,OK
119.481,495.35,30,30.0,29.59,12,HEAT,12,HEAT,OK
120.047,495.92,30,30.0,29.59,12,HEAT,12,HEAT,OK
120.612,496.48,30,30.0,29.59,12,HEAT,12,HEAT,OK
121.181,497.05,30,30.0,29.59,12,HEAT,12,HEAT,OK
121.746,497.61,30,30.0,29.59,12,HEAT,12,HEAT,OK
122.312,498.18,30,30.0,29.59,12,HEAT,12,HEAT,OK
122.877,498.75,30,30.0,29.59,12,HEAT,12,HEAT,OK
123.446,499.31,30,30.0,29.58,12,HEAT,13,HEAT,OK
124.011,499.88,30,30.0,29.57,13,HEAT,13,HEAT,OK
124.577,500.44,30,30.0,29.58,13,HEAT,13,HEAT,OK
125.142,501.01,30,30.0,29.58,13,HEAT,13,HEAT,OK
125.711,501.58,30,30.0,29.59,13,HEAT,12,HEAT,OK
126.276,502.14,30,30.0,29.59,12,HEAT,12,HEAT,OK
126.842,502.71,30,30.0,29.59,12,HEAT,12,HEAT,OK
127.407,503.27,30,30.0,29.59,12,HEAT,12,HEAT,OK
127.976,503.84,30,30.0,29.6,12,HEAT,12,HEAT,OK
128.541,504.41,30,30.0,29.59,12,HEAT,12,HEAT,OK
129.107,504.97,30,30.0,29.59,12,HEAT,12,HEAT,OK
129.672,505.54,30,30.0,29.59,12,HEAT,12,HEAT,OK
130.241,506.11,30,30.0,29.59,12,HEAT,12,HEAT,OK
130.807,506.67,30,30.0,29.58,12,HEAT,13,HEAT,OK
131.372,507.24,30,30.0,29.58,13,HEAT,13,HEAT,OK
131.937,507.8,30,30.0,29.58,13,HEAT,13,HEAT,OK
132.506,508.37,30,30.0,29.59,13,HEAT,12,HEAT,OK
133.071,508.94,30,30.0,29.59,12,HEAT,12,HEAT,OK
133.637,509.5,30,30.0,29.6,12,HEAT,12,HEAT,OK
134.203,510.07,30,30.0,29.59,12,HEAT,12,HEAT,OK
134.771,510.64,30,30.0,29.59,12,HEAT,12,HEAT,OK
135.336,511.2,30,30.0,29.59,12,HEAT,12,HEAT,OK
135.902,511.77,30,30.0,29.59,12,HEAT,12,HEAT,OK
136.467,512.33,30,30.0,29.6,12,HEAT,12,HEAT,OK
137.036,512.9,30,30.0,29.59,12,HEAT,12,HEAT,OK
137.601,513.47,30,30.0,29.6,12,HEAT,12,HEAT,OK
138.167,514.03,30,30.0,29.59,12,HEAT,12,HEAT,OK
138.735,514.6,30,30.0,29.59,12,HEAT,12,HEAT,OK
139.303,515.16,30,30.0,29.59,12,HEAT,12,HEAT,OK
139.866,515.73,30,30.0,29.59,12,HEAT,12,HEAT,OK
140.432,516.29,30,30.0,29.59,12,HEAT,12,HEAT,OK
141.0,516.86,30,30.0,29.58,12,HEAT,13,HEAT,OK
141.566,517.43,30,30.0,29.58,13,HEAT,13,HEAT,OK
142.131,517.99,30,30.0,29.58,13,HEAT,13,HEAT,OK
142.697,518.56,30,30.0,29.58,13,HEAT,13,HEAT,OK
143.266,519.13,30,30.0,29.59,13,HEAT,12,HEAT,OK
143.831,519.69,30,30.0,29.6,12,HEAT,12,HEAT,OK
144.396,520.26,30,30.0,29.59,12,HEAT,12,HEAT,OK
144.962,520.82,30,30.0,29.6,12,HEAT,12,HEAT,OK
145.53,521.39,30,30.0,29.6,12,HEAT,12,HEAT,OK
146.096,521.96,30,30.0,29.59,12,HEAT,12,HEAT,OK
146.661,522.52,30,30.0,29.6,12,HEAT,12,HEAT,OK
147.228,523.09,30,30.0,29.6,12,HEAT,12,HEAT,OK
147.795,523.66,30,30.0,29.6,12,HEAT,12,HEAT,OK
148.361,524.22,30,30.0,29.59,12,HEAT,12,HEAT,OK
148.926,524.79,30,30.0,29.59,12,HEAT,12,HEAT,OK
149.492,525.35,30,30.0,29.59,12,HEAT,12,HEAT,OK
150.061,525.92,30,30.0,29.59,12,HEAT,12,HEAT,OK
150.626,526.49,30,30.0,29.59,12,HEAT,12,HEAT,OK
151.191,527.05,30,30.0,29.59,12,HEAT,12,HEAT,OK
151.757,527.62,30,30.0,29.59,12,HEAT,12,HEAT,OK
152.326,528.19,30,30.0,29.59,12,HEAT,12,HEAT,OK
152.891,528.75,30,30.0,29.59,12,HEAT,12,HEAT,OK
153.457,529.32,30,30.0,29.59,12,HEAT,12,HEAT,OK
154.022,529.88,30,30.0,29.59,12,HEAT,12,HEAT,OK
154.591,530.45,30,30.0,29.58,12,HEAT,13,HEAT,OK
155.156,531.02,30,30.0,29.58,13,HEAT,13,HEAT,OK
155.721,531.58,30,30.0,29.58,13,HEAT,13,HEAT,OK
156.287,532.15,30,30.0,29.58,13,HEAT,13,HEAT,OK
156.856,532.71,30,30.0,29.59,13,HEAT,12,HEAT,OK
157.421,533.28,30,30.0,29.59,12,HEAT,12,HEAT,OK
157.987,533.85,30,30.0,29.6,12,HEAT,12,HEAT,OK
158.552,534.41,30,30.0,29.59,12,HEAT,12,HEAT,OK
159.124,534.98,30,30.0,29.59,12,HEAT,12,HEAT,OK
159.686,535.54,30,30.0,29.6,12,HEAT,12,HEAT,OK
160.251,536.11,30,30.0,29.6,12,HEAT,12,HEAT,OK
160.816,536.68,30,30.0,29.59,12,HEAT,12,HEAT,OK
161.385,537.24,30,30.0,29.59,12,HEAT,12,HEAT,OK
161.954,537.81,30,30.0,29.59,12,HEAT,12,HEAT,OK
162.516,538.38,30,30.0,29.6,12,HEAT,12,HEAT,OK
163.087,538.94,30,30.0,29.6,12,HEAT,12,HEAT,OK
163.651,539.51,30,30.0,29.59,12,HEAT,12,HEAT,OK
164.215,540.07,30,30.0,29.6,12,HEAT,12,HEAT,OK
164.781,540.64,30,30.0,29.59,12,HEAT,12,HEAT,OK
165.351,541.21,30,30.0,29.6,12,HEAT,12,HEAT,OK
165.945,541.77,30,30.0,29.6,12,HEAT,12,HEAT,OK
166.48,542.34,30,30.0,29.59,12,HEAT,12,HEAT,OK
167.046,542.9,30,30.0,29.6,12,HEAT,12,HEAT,OK
167.615,543.47,30,30.0,29.59,12,HEAT,12,HEAT,OK
168.18,544.04,30,30.0,29.59,12,HEAT,12,HEAT,OK
168.746,544.6,30,30.0,29.6,12,HEAT,12,HEAT,OK
169.311,545.17,30,30.0,29.59,12,HEAT,12,HEAT,OK
169.88,545.73,30,30.0,29.59,12,HEAT,12,HEAT,OK
170.445,546.3,30,30.0,29.59,12,HEAT,12,HEAT,OK
171.011,546.87,30,30.0,29.59,12,HEAT,12,HEAT,OK
171.576,547.43,30,30.0,29.58,12,HEAT,13,HEAT,OK
172.145,548.0,30,30.0,29.58,13,HEAT,13,HEAT,OK
172.713,548.57,30,30.0,29.58,13,HEAT,13,HEAT,OK
173.276,549.13,30,30.0,29.59,13,HEAT,12,HEAT,OK
173.841,549.7,30,30.0,29.59,12,HEAT,12,HEAT,OK
174.41,550.26,30,30.0,29.6,12,HEAT,12,HEAT,OK
174.975,550.83,30,30.0,29.6,12,HEAT,12,HEAT,OK
175.544,551.4,30,30.0,29.6,12,HEAT,12,HEAT,OK
176.111,551.96,30,30.0,29.6,12,HEAT,12,HEAT,OK
176.685,552.53,30,30.0,29.59,12,HEAT,12,HEAT,OK
177.24,553.09,30,30.0,29.6,12,HEAT,12,HEAT,OK
177.806,553.66,30,30.0,29.6,12,HEAT,12,HEAT,OK
178.371,554.23,30,30.0,29.6,12,HEAT,12,HEAT,OK
178.94,554.79,30,30.0,29.6,12,HEAT,12,HEAT,OK
179.505,555.36,30,30.0,29.6,12,HEAT,12,HEAT,OK
180.071,555.92,30,30.0,29.59,12,HEAT,12,HEAT,OK
