time_s,temperature_C,pwm,direction,safety,limit_C,pwm9,pwm10
0.51,22.0,0,HEAT,OK,60.0,0,0
1.06,21.99,0,HEAT,OK,60.0,0,0
1.61,22.0,0,HEAT,OK,60.0,0,0
2.16,21.99,0,HEAT,OK,60.0,0,0
2.72,21.97,0,HEAT,OK,60.0,0,0
3.27,21.98,0,HEAT,OK,60.0,0,0
3.82,21.98,0,HEAT,OK,60.0,0,0
4.37,21.98,0,HEAT,OK,60.0,0,0
4.92,21.97,0,HEAT,OK,60.0,0,0
5.48,21.97,0,HEAT,OK,60.0,0,0
6.03,21.96,0,HEAT,OK,60.0,0,0
6.58,21.96,0,HEAT,OK,60.0,0,0
7.13,21.95,0,HEAT,OK,60.0,0,0
7.68,21.95,0,HEAT,OK,60.0,0,0
8.23,21.94,0,HEAT,OK,60.0,0,0
8.79,21.94,0,HEAT,OK,60.0,0,0
9.34,21.93,0,HEAT,OK,60.0,0,0
9.89,21.94,0,HEAT,OK,60.0,0,0
10.44,21.93,0,HEAT,OK,60.0,0,0
11.0,21.93,0,HEAT,OK,60.0,0,0
11.55,21.93,0,HEAT,OK,60.0,0,0
12.1,21.93,0,HEAT,OK,60.0,0,0
12.65,21.92,0,HEAT,OK,60.0,0,0
13.21,21.93,0,HEAT,OK,60.0,0,0
13.76,21.9,0,HEAT,OK,60.0,0,0
14.31,21.9,0,HEAT,OK,60.0,0,0
14.87,21.9,0,HEAT,OK,60.0,0,0
15.42,21.9,0,HEAT,OK,60.0,0,0
15.97,21.9,0,HEAT,OK,60.0,0,0
16.53,21.91,0,HEAT,OK,60.0,0,0
17.08,21.89,0,HEAT,OK,60.0,0,0
17.63,21.9,0,HEAT,OK,60.0,0,0
18.18,21.88,0,HEAT,OK,60.0,0,0
18.74,21.89,0,HEAT,OK,60.0,0,0
19.29,21.88,0,HEAT,OK,60.0,0,0
19.84,21.89,0,HEAT,OK,60.0,0,0
20.4,21.89,0,HEAT,OK,60.0,0,0
20.95,21.87,0,HEAT,OK,60.0,0,0
21.5,21.88,0,HEAT,OK,60.0,0,0
22.06,21.87,0,HEAT,OK,60.0,0,0
22.61,21.87,0,HEAT,OK,60.0,0,0
23.16,21.86,0,HEAT,OK,60.0,0,0
23.71,21.87,0,HEAT,OK,60.0,0,0
24.27,21.87,0,HEAT,OK,60.0,0,0
24.82,21.85,0,HEAT,OK,60.0,0,0
25.37,21.87,0,HEAT,OK,60.0,0,0
25.93,21.84,0,HEAT,OK,60.0,0,0
26.48,21.87,0,HEAT,OK,60.0,0,0
27.03,21.85,0,HEAT,OK,60.0,0,0
27.59,21.86,0,HEAT,OK,60.0,0,0
28.14,21.84,0,HEAT,OK,60.0,0,0
28.69,21.83,0,HEAT,OK,60.0,0,0
29.25,21.83,0,HEAT,OK,60.0,0,0
29.8,21.83,0,HEAT,OK,60.0,0,0
30.35,21.84,0,HEAT,OK,60.0,0,0
30.9,21.84,0,HEAT,OK,60.0,0,0
31.46,21.84,0,HEAT,OK,60.0,0,0
32.01,21.82,0,HEAT,OK,60.0,0,0
32.56,21.83,0,HEAT,OK,60.0,0,0
33.12,21.83,0,HEAT,OK,60.0,0,0
33.67,21.82,0,HEAT,OK,60.0,0,0
34.22,21.83,0,HEAT,OK,60.0,0,0
34.78,21.81,0,HEAT,OK,60.0,0,0
35.33,21.81,0,HEAT,OK,60.0,0,0
35.88,21.82,0,HEAT,OK,60.0,0,0
36.44,21.81,0,HEAT,OK,60.0,0,0
36.99,21.8,0,HEAT,OK,60.0,0,0
37.54,21.81,0,HEAT,OK,60.0,0,0
38.09,21.8,0,HEAT,OK,60.0,0,0
38.65,21.8,0,HEAT,OK,60.0,0,0
39.2,21.79,0,HEAT,OK,60.0,0,0
39.75,21.8,0,HEAT,OK,60.0,0,0
40.31,21.79,0,HEAT,OK,60.0,0,0
40.86,21.8,0,HEAT,OK,60.0,0,0
41.97,21.79,0,HEAT,OK,60.0,0,0
42.52,21.79,0,HEAT,OK,60.0,0,0
43.07,21.79,0,HEAT,OK,60.0,0,0
43.62,21.79,0,HEAT,OK,60.0,0,0
44.18,21.79,0,HEAT,OK,60.0,0,0
44.73,21.78,0,HEAT,OK,60.0,0,0
45.28,21.77,0,HEAT,OK,60.0,0,0
0.51,21.66,0,HEAT,OK,30.0,0,0
1.06,21.65,0,HEAT,OK,30.0,0,0
1.61,21.66,0,HEAT,OK,30.0,0,0
2.16,21.66,0,HEAT,OK,30.0,0,0
2.72,21.66,0,HEAT,OK,30.0,0,0
3.27,21.66,0,HEAT,OK,30.0,0,0
3.82,21.65,0,HEAT,OK,30.0,0,0
4.37,21.65,0,HEAT,OK,30.0,0,0
4.92,21.65,0,HEAT,OK,30.0,0,0
5.48,21.66,0,HEAT,OK,30.0,0,0
6.03,21.65,0,HEAT,OK,30.0,0,0
6.58,21.66,0,HEAT,OK,30.0,0,0
7.13,21.65,0,HEAT,OK,30.0,0,0
7.68,21.65,0,HEAT,OK,30.0,0,0
8.23,21.66,0,HEAT,OK,30.0,0,0
8.79,21.66,0,HEAT,OK,30.0,0,0
9.34,21.65,0,HEAT,OK,30.0,0,0
9.89,21.66,0,HEAT,OK,30.0,0,0
10.44,21.66,0,HEAT,OK,30.0,0,0
11.0,21.65,0,HEAT,OK,30.0,0,0
11.55,21.65,0,HEAT,OK,30.0,0,0
12.1,21.65,0,HEAT,OK,30.0,0,0
12.65,21.65,0,HEAT,OK,30.0,0,0
13.21,21.65,0,HEAT,OK,30.0,0,0
13.76,21.65,0,HEAT,OK,30.0,0,0
14.31,21.66,0,HEAT,OK,30.0,0,0
14.87,21.65,0,HEAT,OK,30.0,0,0
15.42,21.65,0,HEAT,OK,30.0,0,0
15.97,21.65,0,HEAT,OK,30.0,0,0
16.53,21.66,0,HEAT,OK,30.0,0,0
17.08,21.65,0,HEAT,OK,30.0,0,0
17.63,21.65,0,HEAT,OK,30.0,0,0
18.19,21.65,0,HEAT,OK,30.0,0,0
18.74,21.66,0,HEAT,OK,30.0,0,0
19.29,21.65,0,HEAT,OK,30.0,0,0
19.84,21.65,0,HEAT,OK,30.0,0,0
20.4,21.66,0,HEAT,OK,30.0,0,0
20.95,21.65,0,HEAT,OK,30.0,0,0
21.5,21.65,0,HEAT,OK,30.0,0,0
22.06,21.66,0,HEAT,OK,30.0,0,0
22.61,21.66,0,HEAT,OK,30.0,0,0
23.16,21.66,0,HEAT,OK,30.0,0,0
23.71,21.66,0,HEAT,OK,30.0,0,0
24.27,21.65,0,HEAT,OK,30.0,0,0
24.82,21.66,0,HEAT,OK,30.0,0,0
25.37,21.66,0,HEAT,OK,30.0,0,0
25.93,21.66,0,HEAT,OK,30.0,0,0
26.48,21.66,0,HEAT,OK,30.0,0,0
27.03,21.66,0,HEAT,OK,30.0,0,0
27.59,21.66,0,HEAT,OK,30.0,0,0
28.14,21.66,0,HEAT,OK,30.0,0,0
28.69,21.66,0,HEAT,OK,30.0,0,0
29.25,21.66,0,HEAT,OK,30.0,0,0
29.8,21.67,0,HEAT,OK,30.0,0,0
30.35,21.66,0,HEAT,OK,30.0,0,0
30.9,21.65,0,HEAT,OK,30.0,0,0
31.46,21.66,0,HEAT,OK,30.0,0,0
32.01,21.67,0,HEAT,OK,30.0,0,0
32.56,21.66,0,HEAT,OK,30.0,0,0
33.12,21.66,0,HEAT,OK,30.0,0,0
33.67,21.66,0,HEAT,OK,30.0,0,0
34.22,21.66,0,HEAT,OK,30.0,0,0
34.78,21.66,0,HEAT,OK,30.0,0,0
35.33,21.65,0,HEAT,OK,30.0,0,0
35.88,21.66,0,HEAT,OK,30.0,0,0
36.44,21.66,0,HEAT,OK,30.0,0,0
36.99,21.67,0,HEAT,OK,30.0,0,0
37.54,21.66,0,HEAT,OK,30.0,0,0
38.09,21.67,0,HEAT,OK,30.0,0,0
38.65,21.67,0,HEAT,OK,30.0,0,0
39.2,21.66,0,HEAT,OK,30.0,0,0
39.75,21.67,0,HEAT,OK,30.0,0,0
40.31,21.65,0,HEAT,OK,30.0,0,0
40.86,21.69,0,HEAT,OK,30.0,0,0
41.41,21.73,0,HEAT,OK,30.0,0,0
41.97,21.69,0,HEAT,OK,30.0,0,0
42.52,21.72,0,HEAT,OK,30.0,0,0
43.07,21.71,0,HEAT,OK,30.0,0,0
43.63,21.68,0,HEAT,OK,30.0,0,0
44.18,21.71,0,HEAT,OK,30.0,0,0
44.73,21.68,0,HEAT,OK,30.0,0,0
45.28,21.7,0,HEAT,OK,30.0,0,0
45.84,21.73,0,HEAT,OK,30.0,0,0
46.39,21.71,0,HEAT,OK,30.0,0,0
46.94,21.69,0,HEAT,OK,30.0,0,0
47.5,21.69,0,HEAT,OK,30.0,0,0
48.05,21.73,0,HEAT,OK,30.0,0,0
48.6,21.71,0,HEAT,OK,30.0,0,0
49.15,21.71,0,HEAT,OK,30.0,0,0
49.71,21.69,0,HEAT,OK,30.0,0,0
50.26,21.73,0,HEAT,OK,30.0,0,0
50.81,21.7,0,HEAT,OK,30.0,0,0
51.37,21.69,0,HEAT,OK,30.0,0,0
51.92,21.71,0,HEAT,OK,30.0,0,0
52.47,21.7,0,HEAT,OK,30.0,0,0
53.03,21.71,0,HEAT,OK,30.0,0,0
53.58,21.71,0,HEAT,OK,30.0,0,0
54.13,21.7,0,HEAT,OK,30.0,0,0
54.69,21.7,0,HEAT,OK,30.0,0,0
55.24,21.73,0,HEAT,OK,30.0,0,0
55.79,21.74,0,HEAT,OK,30.0,0,0
56.34,21.75,0,HEAT,OK,30.0,0,0
56.9,21.73,0,HEAT,OK,30.0,0,0
57.45,21.74,0,HEAT,OK,30.0,0,0
58.0,21.76,0,HEAT,OK,30.0,0,0
58.56,21.76,0,HEAT,OK,30.0,0,0
59.11,21.77,0,HEAT,OK,30.0,0,0
59.66,21.8,0,HEAT,OK,30.0,0,0
60.22,21.73,0,HEAT,OK,30.0,0,0
60.77,21.81,0,HEAT,OK,30.0,0,0
61.32,21.76,0,HEAT,OK,30.0,0,0
61.88,21.76,0,HEAT,OK,30.0,0,0
62.43,21.75,0,HEAT,OK,30.0,0,0
62.98,21.75,0,HEAT,OK,30.0,0,0
63.53,21.75,0,HEAT,OK,30.0,0,0
64.09,21.76,0,HEAT,OK,30.0,0,0
64.64,21.75,0,HEAT,OK,30.0,0,0
65.19,21.75,0,HEAT,OK,30.0,0,0
65.75,21.75,0,HEAT,OK,30.0,0,0
66.3,21.75,0,HEAT,OK,30.0,0,0
66.85,21.75,0,HEAT,OK,30.0,0,0
67.4,21.75,0,HEAT,OK,30.0,0,0
67.96,21.76,0,HEAT,OK,30.0,0,0
68.51,21.73,0,HEAT,OK,30.0,0,0
69.06,21.74,0,HEAT,OK,30.0,0,0
69.62,21.75,0,HEAT,OK,30.0,0,0
70.17,21.73,0,HEAT,OK,30.0,0,0
70.72,21.75,0,HEAT,OK,30.0,0,0
71.28,21.74,0,HEAT,OK,30.0,0,0
71.83,21.73,0,HEAT,OK,30.0,0,0
72.38,21.73,0,HEAT,OK,30.0,0,0
72.93,21.73,0,HEAT,OK,30.0,0,0
73.49,21.73,0,HEAT,OK,30.0,0,0
74.04,21.73,0,HEAT,OK,30.0,0,0
74.59,21.73,0,HEAT,OK,30.0,0,0
75.15,21.73,0,HEAT,OK,30.0,0,0
75.7,21.71,0,HEAT,OK,30.0,0,0
76.25,21.73,0,HEAT,OK,30.0,0,0
76.81,21.71,0,HEAT,OK,30.0,0,0
77.36,21.73,0,HEAT,OK,30.0,0,0
77.91,21.74,0,HEAT,OK,30.0,0,0
78.47,21.73,0,HEAT,OK,30.0,0,0
79.02,21.71,0,HEAT,OK,30.0,0,0
79.57,21.72,0,HEAT,OK,30.0,0,0
80.12,21.76,0,HEAT,OK,30.0,0,0
80.68,21.71,0,HEAT,OK,30.0,0,0
81.23,21.73,0,HEAT,OK,30.0,0,0
81.78,21.73,0,HEAT,OK,30.0,0,0
82.34,21.73,0,HEAT,OK,30.0,0,0
82.89,21.73,0,HEAT,OK,30.0,0,0
83.44,21.73,0,HEAT,OK,30.0,0,0
84.0,21.72,0,HEAT,OK,30.0,0,0
84.55,21.73,0,HEAT,OK,30.0,0,0
85.1,21.73,0,HEAT,OK,30.0,0,0
85.65,21.72,0,HEAT,OK,30.0,0,0
86.21,21.72,0,HEAT,OK,30.0,0,0
86.76,21.73,0,HEAT,OK,30.0,0,0
87.31,21.73,0,HEAT,OK,30.0,0,0
87.87,21.73,0,HEAT,OK,30.0,0,0
88.42,21.73,0,HEAT,OK,30.0,0,0
88.97,21.72,0,HEAT,OK,30.0,0,0
89.53,21.72,0,HEAT,OK,30.0,0,0
90.08,21.72,0,HEAT,OK,30.0,0,0
90.63,21.72,0,HEAT,OK,30.0,0,0
91.18,21.72,0,HEAT,OK,30.0,0,0
91.74,21.71,0,HEAT,OK,30.0,0,0
92.29,21.71,0,HEAT,OK,30.0,0,0
92.84,21.72,0,HEAT,OK,30.0,0,0
93.4,21.71,0,HEAT,OK,30.0,0,0
93.95,21.71,0,HEAT,OK,30.0,0,0
94.5,21.72,0,HEAT,OK,30.0,0,0
95.06,21.72,0,HEAT,OK,30.0,0,0
95.61,21.71,0,HEAT,OK,30.0,0,0
96.16,21.71,0,HEAT,OK,30.0,0,0
96.71,21.71,0,HEAT,OK,30.0,0,0
97.27,21.71,0,HEAT,OK,30.0,0,0
97.82,21.71,0,HEAT,OK,30.0,0,0
98.37,21.71,0,HEAT,OK,30.0,0,0
98.93,21.7,0,HEAT,OK,30.0,0,0
99.48,21.7,0,HEAT,OK,30.0,0,0
100.03,21.71,0,HEAT,OK,30.0,0,0
100.59,21.7,0,HEAT,OK,30.0,0,0
101.14,21.7,0,HEAT,OK,30.0,0,0
101.69,21.7,0,HEAT,OK,30.0,0,0
102.25,21.68,0,HEAT,OK,30.0,0,0
102.8,21.7,0,HEAT,OK,30.0,0,0
103.36,21.69,0,HEAT,OK,30.0,0,0
103.91,21.69,0,HEAT,OK,30.0,0,0
104.47,21.69,0,HEAT,OK,30.0,0,0
105.02,21.69,0,HEAT,OK,30.0,0,0
105.57,21.68,0,HEAT,OK,30.0,0,0
106.13,21.69,0,HEAT,OK,30.0,0,0
106.68,21.69,0,HEAT,OK,30.0,0,0
107.24,21.69,0,HEAT,OK,30.0,0,0
107.79,21.68,0,HEAT,OK,30.0,0,0
108.34,21.67,0,HEAT,OK,30.0,0,0
108.9,21.74,0,HEAT,OK,30.0,0,0
109.45,21.68,0,HEAT,OK,30.0,0,0
110.01,21.69,0,HEAT,OK,30.0,0,0
110.56,21.69,0,HEAT,OK,30.0,0,0
111.11,21.73,0,HEAT,OK,30.0,0,0
111.67,21.73,0,HEAT,OK,30.0,0,0
112.22,21.73,0,HEAT,OK,30.0,0,0
112.78,21.73,0,HEAT,OK,30.0,0,0
113.33,21.74,0,HEAT,OK,30.0,0,0
113.88,21.73,0,HEAT,OK,30.0,0,0
114.44,21.73,0,HEAT,OK,30.0,0,0
114.99,21.77,0,HEAT,OK,30.0,0,0
115.55,21.7,0,HEAT,OK,30.0,0,0
116.1,21.71,0,HEAT,OK,30.0,0,0
116.66,21.69,0,HEAT,OK,30.0,0,0
117.21,21.69,0,HEAT,OK,30.0,0,0
117.76,21.69,0,HEAT,OK,30.0,0,0
118.32,21.68,0,HEAT,OK,30.0,0,0
118.87,21.72,0,HEAT,OK,30.0,0,0
119.43,21.73,0,HEAT,OK,30.0,0,0
119.98,21.67,0,HEAT,OK,30.0,0,0
120.53,21.69,0,HEAT,OK,30.0,0,0
121.09,21.69,0,HEAT,OK,30.0,0,0
121.64,21.71,0,HEAT,OK,30.0,0,0
122.19,21.71,0,HEAT,OK,30.0,0,0
122.75,21.7,0,HEAT,OK,30.0,0,0
123.3,21.71,0,HEAT,OK,30.0,0,0
123.86,21.7,0,HEAT,OK,30.0,0,0
124.41,21.71,0,HEAT,OK,30.0,0,0
124.97,21.7,0,HEAT,OK,30.0,0,0
125.52,21.71,0,HEAT,OK,30.0,0,0
126.07,21.71,0,HEAT,OK,30.0,0,0
126.63,21.7,0,HEAT,OK,30.0,0,0
127.18,21.69,10,HEAT,OK,30.0,10,0
127.68,21.71,10,HEAT,OK,30.0,10,0
128.18,21.71,10,HEAT,OK,30.0,10,0
128.74,21.75,10,HEAT,OK,30.0,10,0
129.24,21.78,10,HEAT,OK,30.0,10,0
129.8,21.81,10,HEAT,OK,30.0,10,0
130.35,21.84,10,HEAT,OK,30.0,10,0
130.85,21.87,10,HEAT,OK,30.0,10,0
131.35,21.89,10,HEAT,OK,30.0,10,0
131.85,21.95,10,HEAT,OK,30.0,10,0
132.41,21.97,10,HEAT,OK,30.0,10,0
132.96,22.02,10,HEAT,OK,30.0,10,0
133.46,22.06,10,HEAT,OK,30.0,10,0
134.02,22.08,10,HEAT,OK,30.0,10,0
134.58,22.13,10,HEAT,OK,30.0,10,0
135.13,22.17,10,HEAT,OK,30.0,10,0
135.63,22.2,10,HEAT,OK,30.0,10,0
136.13,22.23,10,HEAT,OK,30.0,10,0
136.63,22.25,10,HEAT,OK,30.0,10,0
137.19,22.3,10,HEAT,OK,30.0,10,0
137.69,22.33,10,HEAT,OK,30.0,10,0
138.24,22.38,10,HEAT,OK,30.0,10,0
138.8,22.41,10,HEAT,OK,30.0,10,0
139.36,22.45,10,HEAT,OK,30.0,10,0
139.91,22.48,10,HEAT,OK,30.0,10,0
140.47,22.47,10,HEAT,OK,30.0,10,0
141.02,22.59,10,HEAT,OK,30.0,10,0
141.58,22.55,10,HEAT,OK,30.0,10,0
142.14,22.64,10,HEAT,OK,30.0,10,0
142.64,22.63,10,HEAT,OK,30.0,10,0
143.19,22.66,10,HEAT,OK,30.0,10,0
143.75,22.68,10,HEAT,OK,30.0,10,0
144.3,22.78,10,HEAT,OK,30.0,10,0
144.86,22.78,10,HEAT,OK,30.0,10,0
145.36,22.86,10,HEAT,OK,30.0,10,0
145.86,22.78,10,HEAT,OK,30.0,10,0
146.36,22.97,10,HEAT,OK,30.0,10,0
146.86,22.96,10,HEAT,OK,30.0,10,0
147.42,22.95,10,HEAT,OK,30.0,10,0
147.97,22.98,10,HEAT,OK,30.0,10,0
148.53,23.01,10,HEAT,OK,30.0,10,0
149.08,23.06,10,HEAT,OK,30.0,10,0
149.64,23.08,10,HEAT,OK,30.0,10,0
150.2,23.11,10,HEAT,OK,30.0,10,0
150.75,23.15,10,HEAT,OK,30.0,10,0
151.31,23.16,10,HEAT,OK,30.0,10,0
151.81,23.18,10,HEAT,OK,30.0,10,0
152.37,23.22,10,HEAT,OK,30.0,10,0
152.86,23.24,10,HEAT,OK,30.0,10,0
153.36,23.27,10,HEAT,OK,30.0,10,0
153.87,23.28,10,HEAT,OK,30.0,10,0
154.42,23.32,10,HEAT,OK,30.0,10,0
154.98,23.36,10,HEAT,OK,30.0,10,0
155.53,23.38,10,HEAT,OK,30.0,10,0
156.03,23.37,10,HEAT,OK,30.0,10,0
156.59,23.39,10,HEAT,OK,30.0,10,0
157.15,23.46,10,HEAT,OK,30.0,10,0
157.7,23.42,10,HEAT,OK,30.0,10,0
158.26,23.48,10,HEAT,OK,30.0,10,0
158.81,23.47,10,HEAT,OK,30.0,10,0
159.37,23.53,10,HEAT,OK,30.0,10,0
159.93,23.57,10,HEAT,OK,30.0,10,0
160.43,23.58,10,HEAT,OK,30.0,10,0
160.93,23.61,10,HEAT,OK,30.0,10,0
161.43,23.63,10,HEAT,OK,30.0,10,0
161.93,23.66,10,HEAT,OK,30.0,10,0
162.48,23.66,10,HEAT,OK,30.0,10,0
163.04,23.69,10,HEAT,OK,30.0,10,0
163.59,23.71,10,HEAT,OK,30.0,10,0
164.15,23.75,10,HEAT,OK,30.0,10,0
164.71,23.76,10,HEAT,OK,30.0,10,0
165.21,23.78,10,HEAT,OK,30.0,10,0
165.76,23.81,10,HEAT,OK,30.0,10,0
166.32,23.86,10,HEAT,OK,30.0,10,0
166.88,23.88,10,HEAT,OK,30.0,10,0
167.43,23.89,10,HEAT,OK,30.0,10,0
167.99,23.93,10,HEAT,OK,30.0,10,0
168.54,23.96,10,HEAT,OK,30.0,10,0
169.1,23.98,10,HEAT,OK,30.0,10,0
169.66,23.9,10,HEAT,OK,30.0,10,0
170.16,23.98,10,HEAT,OK,30.0,10,0
170.71,23.99,10,HEAT,OK,30.0,10,0
171.27,24.01,10,HEAT,OK,30.0,10,0
171.82,24.04,10,HEAT,OK,30.0,10,0
172.32,24.04,10,HEAT,OK,30.0,10,0
172.82,24.06,10,HEAT,OK,30.0,10,0
173.32,24.09,10,HEAT,OK,30.0,10,0
173.88,24.1,10,HEAT,OK,30.0,10,0
174.38,24.13,10,HEAT,OK,30.0,10,0
174.94,24.13,10,HEAT,OK,30.0,10,0
175.44,24.15,10,HEAT,OK,30.0,10,0
175.94,24.18,10,HEAT,OK,30.0,10,0
176.44,24.17,10,HEAT,OK,30.0,10,0
176.99,24.22,10,HEAT,OK,30.0,10,0
177.55,24.22,10,HEAT,OK,30.0,10,0
178.1,24.24,10,HEAT,OK,30.0,10,0
178.6,24.26,10,HEAT,OK,30.0,10,0
179.16,24.29,10,HEAT,OK,30.0,10,0
179.72,24.3,10,HEAT,OK,30.0,10,0
180.27,24.32,10,HEAT,OK,30.0,10,0
180.77,24.32,10,HEAT,OK,30.0,10,0
181.27,24.34,10,HEAT,OK,30.0,10,0
181.77,24.35,10,HEAT,OK,30.0,10,0
182.27,24.36,10,HEAT,OK,30.0,10,0
182.83,24.38,10,HEAT,OK,30.0,10,0
183.38,24.4,10,HEAT,OK,30.0,10,0
183.94,24.42,10,HEAT,OK,30.0,10,0
184.5,24.42,10,HEAT,OK,30.0,10,0
185.05,24.45,10,HEAT,OK,30.0,10,0
185.61,24.47,10,HEAT,OK,30.0,10,0
186.11,24.47,10,HEAT,OK,30.0,10,0
186.61,24.5,10,HEAT,OK,30.0,10,0
187.11,24.51,10,HEAT,OK,30.0,10,0
187.61,24.51,10,HEAT,OK,30.0,10,0
188.17,24.54,10,HEAT,OK,30.0,10,0
188.66,24.55,10,HEAT,OK,30.0,10,0
189.16,24.55,10,HEAT,OK,30.0,10,0
189.66,24.57,10,HEAT,OK,30.0,10,0
190.22,24.59,10,HEAT,OK,30.0,10,0
190.72,24.6,10,HEAT,OK,30.0,10,0
191.28,24.6,10,HEAT,OK,30.0,10,0
191.78,24.63,10,HEAT,OK,30.0,10,0
192.28,24.64,10,HEAT,OK,30.0,10,0
192.78,24.64,10,HEAT,OK,30.0,10,0
193.33,24.65,10,HEAT,OK,30.0,10,0
193.89,24.69,10,HEAT,OK,30.0,10,0
194.45,24.69,10,HEAT,OK,30.0,10,0
194.95,24.69,10,HEAT,OK,30.0,10,0
195.5,24.71,10,HEAT,OK,30.0,10,0
196.06,24.71,10,HEAT,OK,30.0,10,0
196.62,24.74,10,HEAT,OK,30.0,10,0
197.11,24.75,10,HEAT,OK,30.0,10,0
197.61,24.75,10,HEAT,OK,30.0,10,0
198.12,24.77,10,HEAT,OK,30.0,10,0
198.62,24.78,10,HEAT,OK,30.0,10,0
199.17,24.8,10,HEAT,OK,30.0,10,0
199.67,24.78,10,HEAT,OK,30.0,10,0
200.17,24.8,10,HEAT,OK,30.0,10,0
200.67,24.81,10,HEAT,OK,30.0,10,0
201.23,24.84,10,HEAT,OK,30.0,10,0
201.78,24.84,10,HEAT,OK,30.0,10,0
202.34,24.86,10,HEAT,OK,30.0,10,0
202.84,24.85,10,HEAT,OK,30.0,10,0
203.4,24.88,10,HEAT,OK,30.0,10,0
203.95,24.88,10,HEAT,OK,30.0,10,0
204.51,24.9,10,HEAT,OK,30.0,10,0
205.06,24.9,10,HEAT,OK,30.0,10,0
205.62,24.91,10,HEAT,OK,30.0,10,0
206.12,24.93,10,HEAT,OK,30.0,10,0
206.62,24.94,10,HEAT,OK,30.0,10,0
207.12,24.95,10,HEAT,OK,30.0,10,0
207.62,24.97,10,HEAT,OK,30.0,10,0
208.18,24.97,10,HEAT,OK,30.0,10,0
208.73,25.0,10,HEAT,OK,30.0,10,0
209.29,24.99,10,HEAT,OK,30.0,10,0
209.84,25.02,10,HEAT,OK,30.0,10,0
210.4,25.01,10,HEAT,OK,30.0,10,0
210.96,25.02,10,HEAT,OK,30.0,10,0
211.46,25.05,10,HEAT,OK,30.0,10,0
212.01,25.05,10,HEAT,OK,30.0,10,0
212.57,25.05,10,HEAT,OK,30.0,10,0
213.13,25.07,10,HEAT,OK,30.0,10,0
213.68,25.08,10,HEAT,OK,30.0,10,0
214.24,25.09,10,HEAT,OK,30.0,10,0
214.79,25.1,10,HEAT,OK,30.0,10,0
215.35,25.11,10,HEAT,OK,30.0,10,0
215.91,25.12,10,HEAT,OK,30.0,10,0
216.46,25.13,10,HEAT,OK,30.0,10,0
216.96,25.14,10,HEAT,OK,30.0,10,0
217.52,25.15,10,HEAT,OK,30.0,10,0
218.07,25.16,10,HEAT,OK,30.0,10,0
218.63,25.15,10,HEAT,OK,30.0,10,0
219.19,25.17,10,HEAT,OK,30.0,10,0
219.69,25.16,10,HEAT,OK,30.0,10,0
220.19,25.19,10,HEAT,OK,30.0,10,0
220.69,25.2,10,HEAT,OK,30.0,10,0
221.19,25.21,10,HEAT,OK,30.0,10,0
221.74,25.22,10,HEAT,OK,30.0,10,0
222.24,25.23,10,HEAT,OK,30.0,10,0
222.74,25.24,10,HEAT,OK,30.0,10,0
223.24,25.24,10,HEAT,OK,30.0,10,0
223.8,25.26,10,HEAT,OK,30.0,10,0
224.35,25.26,10,HEAT,OK,30.0,10,0
224.91,25.27,10,HEAT,OK,30.0,10,0
225.41,25.28,10,HEAT,OK,30.0,10,0
225.97,25.29,30,HEAT,OK,30.0,30,0
226.52,25.32,30,HEAT,OK,30.0,30,0
227.08,25.39,30,HEAT,OK,30.0,30,0
227.64,25.46,30,HEAT,OK,30.0,30,0
228.19,25.54,30,HEAT,OK,30.0,30,0
228.69,25.62,30,HEAT,OK,30.0,30,0
229.19,25.7,30,HEAT,OK,30.0,30,0
229.69,25.78,30,HEAT,OK,30.0,30,0
230.19,25.87,30,HEAT,OK,30.0,30,0
230.75,25.95,30,HEAT,OK,30.0,30,0
231.3,26.05,30,HEAT,OK,30.0,30,0
231.86,26.15,30,HEAT,OK,30.0,30,0
232.42,26.24,30,HEAT,OK,30.0,30,0
232.97,26.34,30,HEAT,OK,30.0,30,0
233.47,26.42,30,HEAT,OK,30.0,30,0
234.03,26.51,30,HEAT,OK,30.0,30,0
234.59,26.6,30,HEAT,OK,30.0,30,0
235.14,26.67,30,HEAT,OK,30.0,30,0
235.7,26.78,30,HEAT,OK,30.0,30,0
236.26,26.86,30,HEAT,OK,30.0,30,0
236.81,26.94,30,HEAT,OK,30.0,30,0
237.37,27.02,30,HEAT,OK,30.0,30,0
237.87,27.1,30,HEAT,OK,30.0,30,0
238.42,27.18,30,HEAT,OK,30.0,30,0
238.98,27.26,30,HEAT,OK,30.0,30,0
239.54,27.34,30,HEAT,OK,30.0,30,0
240.09,27.42,30,HEAT,OK,30.0,30,0
240.65,27.49,30,HEAT,OK,30.0,30,0
241.2,27.58,30,HEAT,OK,30.0,30,0
241.76,27.64,30,HEAT,OK,30.0,30,0
242.32,27.71,30,HEAT,OK,30.0,30,0
242.82,27.78,30,HEAT,OK,30.0,30,0
243.37,27.86,30,HEAT,OK,30.0,30,0
243.93,27.91,30,HEAT,OK,30.0,30,0
244.49,28.0,30,HEAT,OK,30.0,30,0
245.04,28.05,30,HEAT,OK,30.0,30,0
245.6,28.12,30,HEAT,OK,30.0,30,0
246.15,28.2,30,HEAT,OK,30.0,30,0
246.71,28.27,30,HEAT,OK,30.0,30,0
247.27,28.32,30,HEAT,OK,30.0,30,0
247.76,28.39,30,HEAT,OK,30.0,30,0
248.26,28.44,30,HEAT,OK,30.0,30,0
248.76,28.5,30,HEAT,OK,30.0,30,0
249.26,28.55,30,HEAT,OK,30.0,30,0
249.82,28.63,30,HEAT,OK,30.0,30,0
250.38,28.68,30,HEAT,OK,30.0,30,0
250.93,28.75,30,HEAT,OK,30.0,30,0
251.49,28.8,30,HEAT,OK,30.0,30,0
252.05,28.88,30,HEAT,OK,30.0,30,0
252.55,28.93,30,HEAT,OK,30.0,30,0
253.04,28.98,30,HEAT,OK,30.0,30,0
253.54,29.04,30,HEAT,OK,30.0,30,0
254.04,29.09,30,HEAT,OK,30.0,30,0
254.6,29.14,30,HEAT,OK,30.0,30,0
255.16,29.19,30,HEAT,OK,30.0,30,0
255.71,29.24,30,HEAT,OK,30.0,30,0
256.27,29.3,30,HEAT,OK,30.0,30,0
256.77,29.36,30,HEAT,OK,30.0,30,0
257.33,29.41,30,HEAT,OK,30.0,30,0
257.88,29.46,30,HEAT,OK,30.0,30,0
258.44,29.52,30,HEAT,OK,30.0,30,0
258.99,29.56,30,HEAT,OK,30.0,30,0
259.55,29.62,30,HEAT,OK,30.0,30,0
260.11,29.67,30,HEAT,OK,30.0,30,0
260.66,29.72,30,HEAT,OK,30.0,30,0
261.22,29.76,30,HEAT,OK,30.0,30,0
261.77,29.82,30,HEAT,OK,30.0,30,0
262.27,29.87,30,HEAT,OK,30.0,30,0
262.83,29.92,30,HEAT,OK,30.0,30,0
263.39,29.96,30,HEAT,OK,30.0,30,0
263.92,30.02,0,HEAT,SHUTDOWN,30.0,0,0
264.43,30.03,0,HEAT,SHUTDOWN,30.0,0,0
264.93,30.02,0,HEAT,SHUTDOWN,30.0,0,0
265.44,29.99,0,HEAT,OK,30.0,0,0
265.99,29.94,0,HEAT,OK,30.0,0,0
266.55,29.87,0,HEAT,OK,30.0,0,0
267.1,29.8,0,HEAT,OK,30.0,0,0
267.66,29.73,0,HEAT,OK,30.0,0,0
268.21,29.65,0,HEAT,OK,30.0,0,0
268.76,29.57,0,HEAT,OK,30.0,0,0
269.32,29.48,0,HEAT,OK,30.0,0,0
269.87,29.4,0,HEAT,OK,30.0,0,0
270.43,29.3,0,HEAT,OK,30.0,0,0
270.98,29.23,0,HEAT,OK,30.0,0,0
271.53,29.15,0,HEAT,OK,30.0,0,0
272.09,29.07,0,HEAT,OK,30.0,0,0
272.64,28.97,0,HEAT,OK,30.0,0,0
273.2,28.92,0,HEAT,OK,30.0,0,0
273.75,28.84,0,HEAT,OK,30.0,0,0
274.3,28.75,0,HEAT,OK,30.0,0,0
274.86,28.68,0,HEAT,OK,30.0,0,0
275.41,28.61,0,HEAT,OK,30.0,0,0
275.97,28.53,0,HEAT,OK,30.0,0,0
276.52,28.46,0,HEAT,OK,30.0,0,0
277.07,28.39,0,HEAT,OK,30.0,0,0
277.64,28.32,0,HEAT,OK,30.0,0,0
278.17,28.26,0,HEAT,OK,30.0,0,0
278.72,28.18,0,HEAT,OK,30.0,0,0
279.27,28.12,0,HEAT,OK,30.0,0,0
279.83,28.06,0,HEAT,OK,30.0,0,0
280.38,28.0,0,HEAT,OK,30.0,0,0
280.94,27.93,0,HEAT,OK,30.0,0,0
281.49,27.87,0,HEAT,OK,30.0,0,0
282.05,27.81,0,HEAT,OK,30.0,0,0
282.6,27.76,0,HEAT,OK,30.0,0,0
283.15,27.69,0,HEAT,OK,30.0,0,0
283.71,27.64,0,HEAT,OK,30.0,0,0
284.26,27.58,0,HEAT,OK,30.0,0,0
284.82,27.52,0,HEAT,OK,30.0,0,0
285.37,27.46,0,HEAT,OK,30.0,0,0
285.92,27.41,0,HEAT,OK,30.0,0,0
286.48,27.36,0,HEAT,OK,30.0,0,0
287.03,27.31,0,HEAT,OK,30.0,0,0
287.59,27.26,0,HEAT,OK,30.0,0,0
288.14,27.21,0,HEAT,OK,30.0,0,0
288.7,27.15,0,HEAT,OK,30.0,0,0
289.25,27.12,0,HEAT,OK,30.0,0,0
289.8,27.07,0,HEAT,OK,30.0,0,0
290.36,27.0,0,HEAT,OK,30.0,0,0
290.91,26.96,0,HEAT,OK,30.0,0,0
291.47,26.91,0,HEAT,OK,30.0,0,0
292.02,26.87,0,HEAT,OK,30.0,0,0
292.57,26.82,0,HEAT,OK,30.0,0,0
293.13,26.77,0,HEAT,OK,30.0,0,0
293.68,26.73,0,HEAT,OK,30.0,0,0
294.24,26.68,0,HEAT,OK,30.0,0,0
294.79,26.64,0,HEAT,OK,30.0,0,0
295.35,26.6,0,HEAT,OK,30.0,0,0
295.9,26.55,0,HEAT,OK,30.0,0,0
296.45,26.51,0,HEAT,OK,30.0,0,0
297.01,26.47,0,HEAT,OK,30.0,0,0
297.56,26.42,0,HEAT,OK,30.0,0,0
298.12,26.39,0,HEAT,OK,30.0,0,0
298.67,26.34,0,HEAT,OK,30.0,0,0
299.22,26.3,0,HEAT,OK,30.0,0,0
299.78,26.26,0,HEAT,OK,30.0,0,0
300.33,26.22,0,HEAT,OK,30.0,0,0
300.89,26.18,0,HEAT,OK,30.0,0,0
301.44,26.14,0,HEAT,OK,30.0,0,0
302.0,26.1,0,HEAT,OK,30.0,0,0
302.55,26.06,0,HEAT,OK,30.0,0,0
303.1,26.03,0,HEAT,OK,30.0,0,0
303.66,25.98,0,HEAT,OK,30.0,0,0
304.21,25.94,0,HEAT,OK,30.0,0,0
304.77,25.9,0,HEAT,OK,30.0,0,0
305.32,25.86,0,HEAT,OK,30.0,0,0
305.87,25.82,0,HEAT,OK,30.0,0,0
306.43,25.79,0,HEAT,OK,30.0,0,0
306.98,25.75,0,HEAT,OK,30.0,0,0
307.54,25.71,0,HEAT,OK,30.0,0,0
308.09,25.68,0,HEAT,OK,30.0,0,0
308.64,25.63,0,HEAT,OK,30.0,0,0
309.2,25.61,0,HEAT,OK,30.0,0,0
309.75,25.57,0,HEAT,OK,30.0,0,0
310.31,25.53,0,HEAT,OK,30.0,0,0
310.86,25.5,0,HEAT,OK,30.0,0,0
311.42,25.46,0,HEAT,OK,30.0,0,0
311.97,25.43,0,HEAT,OK,30.0,0,0
312.52,25.4,0,HEAT,OK,30.0,0,0
313.08,25.36,0,HEAT,OK,30.0,0,0
313.63,25.33,0,HEAT,OK,30.0,0,0
314.19,25.3,0,HEAT,OK,30.0,0,0
314.74,25.27,0,HEAT,OK,30.0,0,0
315.3,25.23,0,HEAT,OK,30.0,0,0
315.85,25.2,0,HEAT,OK,30.0,0,0
316.4,25.17,0,HEAT,OK,30.0,0,0
316.96,25.13,0,HEAT,OK,30.0,0,0
317.51,25.11,0,HEAT,OK,30.0,0,0
318.07,25.08,0,HEAT,OK,30.0,0,0
318.62,25.04,0,HEAT,OK,30.0,0,0
319.17,25.01,0,HEAT,OK,30.0,0,0
319.73,24.99,0,HEAT,OK,30.0,0,0
320.28,24.95,0,HEAT,OK,30.0,0,0
320.84,24.92,0,HEAT,OK,30.0,0,0
321.39,24.89,0,HEAT,OK,30.0,0,0
321.95,24.86,0,HEAT,OK,30.0,0,0
322.5,24.83,0,HEAT,OK,30.0,0,0
323.05,24.81,0,HEAT,OK,30.0,0,0
323.61,24.78,0,HEAT,OK,30.0,0,0
324.16,24.75,0,HEAT,OK,30.0,0,0
324.72,24.73,0,HEAT,OK,30.0,0,0
325.27,24.69,0,HEAT,OK,30.0,0,0
325.82,24.66,0,HEAT,OK,30.0,0,0
326.38,24.64,0,HEAT,OK,30.0,0,0
326.93,24.61,0,HEAT,OK,30.0,0,0
327.49,24.58,0,HEAT,OK,30.0,0,0
328.04,24.56,0,HEAT,OK,30.0,0,0
328.6,24.53,0,HEAT,OK,30.0,0,0
329.15,24.5,0,HEAT,OK,30.0,0,0
329.7,24.48,0,HEAT,OK,30.0,0,0
330.26,24.45,0,HEAT,OK,30.0,0,0
330.81,24.42,0,HEAT,OK,30.0,0,0
331.37,24.39,0,HEAT,OK,30.0,0,0
331.92,24.37,0,HEAT,OK,30.0,0,0
332.47,24.35,0,HEAT,OK,30.0,0,0
333.03,24.33,0,HEAT,OK,30.0,0,0
333.58,24.3,0,HEAT,OK,30.0,0,0
334.14,24.28,0,HEAT,OK,30.0,0,0
334.69,24.25,0,HEAT,OK,30.0,0,0
335.25,24.23,0,HEAT,OK,30.0,0,0
335.8,24.21,0,HEAT,OK,30.0,0,0
336.35,24.18,0,HEAT,OK,30.0,0,0
336.91,24.15,0,HEAT,OK,30.0,0,0
337.46,24.15,0,HEAT,OK,30.0,0,0
338.02,24.12,0,HEAT,OK,30.0,0,0
338.57,24.1,0,HEAT,OK,30.0,0,0
339.12,24.08,0,HEAT,OK,30.0,0,0
339.68,24.06,0,HEAT,OK,30.0,0,0
340.23,24.04,0,HEAT,OK,30.0,0,0
340.79,24.0,0,HEAT,OK,30.0,0,0
341.34,23.99,0,HEAT,OK,30.0,0,0
341.89,23.97,0,HEAT,OK,30.0,0,0
342.45,23.95,0,HEAT,OK,30.0,0,0
343.0,23.93,0,HEAT,OK,30.0,0,0
343.56,23.9,0,HEAT,OK,30.0,0,0
344.11,23.88,0,HEAT,OK,30.0,0,0
344.67,23.86,0,HEAT,OK,30.0,0,0
345.22,23.84,0,HEAT,OK,30.0,0,0
345.77,23.82,0,HEAT,OK,30.0,0,0
346.33,23.8,0,HEAT,OK,30.0,0,0
346.88,23.79,0,HEAT,OK,30.0,0,0
347.44,23.76,0,HEAT,OK,30.0,0,0
347.99,23.74,0,HEAT,OK,30.0,0,0
348.55,23.72,0,HEAT,OK,30.0,0,0
349.1,23.7,0,HEAT,OK,30.0,0,0
349.65,23.68,0,HEAT,OK,30.0,0,0
350.21,23.67,0,HEAT,OK,30.0,0,0
350.76,23.64,0,HEAT,OK,30.0,0,0
351.32,23.62,0,HEAT,OK,30.0,0,0
351.87,23.61,0,HEAT,OK,30.0,0,0
352.42,23.6,0,HEAT,OK,30.0,0,0
352.98,23.57,0,HEAT,OK,30.0,0,0
353.53,23.55,0,HEAT,OK,30.0,0,0
354.09,23.54,0,HEAT,OK,30.0,0,0
354.64,23.51,0,HEAT,OK,30.0,0,0
355.19,23.5,0,HEAT,OK,30.0,0,0
355.75,23.48,0,HEAT,OK,30.0,0,0
356.3,23.46,0,HEAT,OK,30.0,0,0
356.86,23.45,0,HEAT,OK,30.0,0,0
357.41,23.42,0,HEAT,OK,30.0,0,0
357.97,23.42,0,HEAT,OK,30.0,0,0
358.52,23.4,0,HEAT,OK,30.0,0,0
359.07,23.39,0,HEAT,OK,30.0,0,0
359.63,23.36,0,HEAT,OK,30.0,0,0
360.18,23.34,0,HEAT,OK,30.0,0,0
360.74,23.33,0,HEAT,OK,30.0,0,0
361.29,23.33,0,HEAT,OK,30.0,0,0
361.84,23.29,0,HEAT,OK,30.0,0,0
362.4,23.29,0,HEAT,OK,30.0,0,0
362.95,23.26,0,HEAT,OK,30.0,0,0
363.51,23.27,0,HEAT,OK,30.0,0,0
364.06,23.24,0,HEAT,OK,30.0,0,0
364.61,23.24,0,HEAT,OK,30.0,0,0
365.17,23.22,0,HEAT,OK,30.0,0,0
365.72,23.2,0,HEAT,OK,30.0,0,0
366.28,23.19,0,HEAT,OK,30.0,0,0
366.83,23.18,0,HEAT,OK,30.0,0,0
367.39,23.17,0,HEAT,OK,30.0,0,0
367.94,23.16,0,HEAT,OK,30.0,0,0
368.49,23.13,0,HEAT,OK,30.0,0,0
369.05,23.11,0,HEAT,OK,30.0,0,0
369.6,23.09,0,HEAT,OK,30.0,0,0
370.16,23.09,0,HEAT,OK,30.0,0,0
370.71,23.08,0,HEAT,OK,30.0,0,0
371.27,23.07,0,HEAT,OK,30.0,0,0
371.82,23.05,0,HEAT,OK,30.0,0,0
372.37,23.04,0,HEAT,OK,30.0,0,0
372.93,23.02,0,HEAT,OK,30.0,0,0
373.48,23.02,0,HEAT,OK,30.0,0,0
374.04,22.99,0,HEAT,OK,30.0,0,0
374.59,22.99,0,HEAT,OK,30.0,0,0
375.14,22.98,0,HEAT,OK,30.0,0,0
375.7,22.96,0,HEAT,OK,30.0,0,0
376.25,22.97,0,HEAT,OK,30.0,0,0
376.81,22.93,0,HEAT,OK,30.0,0,0
377.36,22.92,0,HEAT,OK,30.0,0,0
377.92,22.9,0,HEAT,OK,30.0,0,0
378.47,22.91,0,HEAT,OK,30.0,0,0
379.02,22.89,0,HEAT,OK,30.0,0,0
379.58,22.88,0,HEAT,OK,30.0,0,0
380.13,22.85,0,HEAT,OK,30.0,0,0
380.69,22.86,0,HEAT,OK,30.0,0,0
381.24,22.84,0,HEAT,OK,30.0,0,0
381.79,22.82,0,HEAT,OK,30.0,0,0
382.35,22.82,0,HEAT,OK,30.0,0,0
382.9,22.82,0,HEAT,OK,30.0,0,0
383.46,22.8,0,HEAT,OK,30.0,0,0
384.01,22.79,0,HEAT,OK,30.0,0,0
384.57,22.78,0,HEAT,OK,30.0,0,0
385.12,22.77,0,HEAT,OK,30.0,0,0
385.67,22.75,0,HEAT,OK,30.0,0,0
386.23,22.74,0,HEAT,OK,30.0,0,0
386.78,22.73,0,HEAT,OK,30.0,0,0
387.33,22.73,0,HEAT,OK,30.0,0,0
387.89,22.72,0,HEAT,OK,30.0,0,0
388.44,22.7,0,HEAT,OK,30.0,0,0
389.0,22.68,0,HEAT,OK,30.0,0,0
389.55,22.68,0,HEAT,OK,30.0,0,0
390.11,22.67,0,HEAT,OK,30.0,0,0
390.66,22.65,0,HEAT,OK,30.0,0,0
391.21,22.65,0,HEAT,OK,30.0,0,0
391.77,22.64,0,HEAT,OK,30.0,0,0
392.32,22.64,0,HEAT,OK,30.0,0,0
392.88,22.64,0,HEAT,OK,30.0,0,0
393.43,22.61,0,HEAT,OK,30.0,0,0
393.98,22.6,0,HEAT,OK,30.0,0,0
394.54,22.58,0,HEAT,OK,30.0,0,0
395.09,22.58,0,HEAT,OK,30.0,0,0
395.65,22.56,0,HEAT,OK,30.0,0,0
396.2,22.57,0,HEAT,OK,30.0,0,0
396.75,22.57,0,HEAT,OK,30.0,0,0
397.31,22.55,0,HEAT,OK,30.0,0,0
397.86,22.54,0,HEAT,OK,30.0,0,0
398.42,22.52,0,HEAT,OK,30.0,0,0
398.97,22.53,0,HEAT,OK,30.0,0,0
399.52,22.51,0,HEAT,OK,30.0,0,0
400.08,22.49,0,HEAT,OK,30.0,0,0
400.63,22.48,0,HEAT,OK,30.0,0,0
401.19,22.49,0,HEAT,OK,30.0,0,0
401.74,22.48,0,HEAT,OK,30.0,0,0
402.3,22.47,0,HEAT,OK,30.0,0,0
402.85,22.47,0,HEAT,OK,30.0,0,0
403.4,22.46,0,HEAT,OK,30.0,0,0
403.96,22.44,0,HEAT,OK,30.0,0,0
404.51,22.44,0,HEAT,OK,30.0,0,0
405.07,22.43,0,HEAT,OK,30.0,0,0
405.62,22.43,0,HEAT,OK,30.0,0,0
406.17,22.42,0,HEAT,OK,30.0,0,0
406.73,22.41,0,HEAT,OK,30.0,0,0
407.28,22.4,0,HEAT,OK,30.0,0,0
407.84,22.39,0,HEAT,OK,30.0,0,0
408.39,22.37,0,HEAT,OK,30.0,0,0
408.95,22.37,0,HEAT,OK,30.0,0,0
409.5,22.37,0,HEAT,OK,30.0,0,0
410.05,22.36,0,HEAT,OK,30.0,0,0
410.61,22.35,0,HEAT,OK,30.0,0,0
411.16,22.35,0,HEAT,OK,30.0,0,0
411.72,22.34,0,HEAT,OK,30.0,0,0
412.27,22.32,0,HEAT,OK,30.0,0,0
412.82,22.32,0,HEAT,OK,30.0,0,0
413.38,22.31,0,HEAT,OK,30.0,0,0
413.93,22.31,0,HEAT,OK,30.0,0,0
414.49,22.3,0,HEAT,OK,30.0,0,0
415.04,22.29,0,HEAT,OK,30.0,0,0
415.6,22.27,0,HEAT,OK,30.0,0,0
416.15,22.27,0,HEAT,OK,30.0,0,0
416.7,22.28,0,HEAT,OK,30.0,0,0
417.26,22.26,0,HEAT,OK,30.0,0,0
417.81,22.25,0,HEAT,OK,30.0,0,0
418.37,22.25,0,HEAT,OK,30.0,0,0
418.92,22.24,0,HEAT,OK,30.0,0,0
419.47,22.23,0,HEAT,OK,30.0,0,0
420.03,22.23,0,HEAT,OK,30.0,0,0
420.58,22.21,0,HEAT,OK,30.0,0,0
421.14,22.21,0,HEAT,OK,30.0,0,0
421.69,22.21,0,HEAT,OK,30.0,0,0
422.25,22.2,0,HEAT,OK,30.0,0,0
422.8,22.19,0,HEAT,OK,30.0,0,0
423.35,22.18,0,HEAT,OK,30.0,0,0
423.91,22.17,0,HEAT,OK,30.0,0,0
424.46,22.17,0,HEAT,OK,30.0,0,0
425.02,22.17,0,HEAT,OK,30.0,0,0
425.57,22.16,0,HEAT,OK,30.0,0,0
426.12,22.15,0,HEAT,OK,30.0,0,0
426.68,22.15,0,HEAT,OK,30.0,0,0
427.23,22.14,0,HEAT,OK,30.0,0,0
427.79,22.14,0,HEAT,OK,30.0,0,0
428.34,22.13,0,HEAT,OK,30.0,0,0
428.89,22.12,0,HEAT,OK,30.0,0,0
429.45,22.12,0,HEAT,OK,30.0,0,0
430.0,22.12,0,HEAT,OK,30.0,0,0
430.56,22.11,0,HEAT,OK,30.0,0,0
431.11,22.11,0,HEAT,OK,30.0,0,0
431.67,22.1,0,HEAT,OK,30.0,0,0
432.22,22.09,0,HEAT,OK,30.0,0,0
432.77,22.09,0,HEAT,OK,30.0,0,0
433.33,22.09,0,HEAT,OK,30.0,0,0
433.88,22.07,0,HEAT,OK,30.0,0,0
434.44,22.08,0,HEAT,OK,30.0,0,0
434.99,22.07,0,HEAT,OK,30.0,0,0
435.54,22.06,0,HEAT,OK,30.0,0,0
436.1,22.06,0,HEAT,OK,30.0,0,0
436.65,22.06,0,HEAT,OK,30.0,0,0
437.21,22.05,0,HEAT,OK,30.0,0,0
437.76,22.05,0,HEAT,OK,30.0,0,0
438.31,22.04,0,HEAT,OK,30.0,0,0
438.87,22.04,0,HEAT,OK,30.0,0,0
439.42,22.04,0,HEAT,OK,30.0,0,0
439.98,22.03,0,HEAT,OK,30.0,0,0
440.53,22.02,0,HEAT,OK,30.0,0,0
441.08,22.02,0,HEAT,OK,30.0,0,0
441.64,22.02,0,HEAT,OK,30.0,0,0
442.19,22.01,0,HEAT,OK,30.0,0,0
442.75,22.01,0,HEAT,OK,30.0,0,0
443.3,22.0,0,HEAT,OK,30.0,0,0
443.85,22.0,0,HEAT,OK,30.0,0,0
444.41,21.99,0,HEAT,OK,30.0,0,0
444.96,21.99,0,HEAT,OK,30.0,0,0
445.52,21.99,0,HEAT,OK,30.0,0,0
446.07,21.98,0,HEAT,OK,30.0,0,0
446.62,21.97,0,HEAT,OK,30.0,0,0
447.18,21.97,0,HEAT,OK,30.0,0,0
447.73,21.97,0,HEAT,OK,30.0,0,0
448.29,21.97,0,HEAT,OK,30.0,0,0
448.84,21.96,0,HEAT,OK,30.0,0,0
449.39,21.96,0,HEAT,OK,30.0,0,0
449.95,21.95,0,HEAT,OK,30.0,0,0
450.5,21.95,0,HEAT,OK,30.0,0,0
451.06,21.95,0,HEAT,OK,30.0,0,0
451.61,21.94,0,HEAT,OK,30.0,0,0
452.17,21.94,0,HEAT,OK,30.0,0,0
452.72,21.93,0,HEAT,OK,30.0,0,0
453.27,21.93,0,HEAT,OK,30.0,0,0
453.83,21.93,0,HEAT,OK,30.0,0,0
454.38,21.93,0,HEAT,OK,30.0,0,0
454.94,21.92,0,HEAT,OK,30.0,0,0
455.49,21.92,0,HEAT,OK,30.0,0,0
456.04,21.91,0,HEAT,OK,30.0,0,0
456.6,21.91,0,HEAT,OK,30.0,0,0
457.15,21.91,0,HEAT,OK,30.0,0,0
457.71,21.91,0,HEAT,OK,30.0,0,0
458.26,21.9,0,HEAT,OK,30.0,0,0
458.81,21.9,0,HEAT,OK,30.0,0,0
459.37,21.9,0,HEAT,OK,30.0,0,0
459.92,21.89,0,HEAT,OK,30.0,0,0
460.48,21.9,0,HEAT,OK,30.0,0,0
461.03,21.89,0,HEAT,OK,30.0,0,0
461.58,21.89,0,HEAT,OK,30.0,0,0
462.14,21.88,0,HEAT,OK,30.0,0,0
462.69,21.87,0,HEAT,OK,30.0,0,0
463.25,21.88,0,HEAT,OK,30.0,0,0
463.8,21.87,0,HEAT,OK,30.0,0,0
464.36,21.87,0,HEAT,OK,30.0,0,0
464.91,21.86,0,HEAT,OK,30.0,0,0
465.46,21.86,0,HEAT,OK,30.0,0,0
466.02,21.86,0,HEAT,OK,30.0,0,0
466.57,21.86,0,HEAT,OK,30.0,0,0
467.13,21.85,0,HEAT,OK,30.0,0,0
467.68,21.85,0,HEAT,OK,30.0,0,0
468.23,21.84,0,HEAT,OK,30.0,0,0
468.79,21.84,0,HEAT,OK,30.0,0,0
469.34,21.84,0,HEAT,OK,30.0,0,0
469.89,21.83,0,HEAT,OK,30.0,0,0
470.45,21.83,0,HEAT,OK,30.0,0,0
471.0,21.83,0,HEAT,OK,30.0,0,0
471.56,21.82,0,HEAT,OK,30.0,0,0
472.11,21.82,0,HEAT,OK,30.0,0,0
472.67,21.81,0,HEAT,OK,30.0,0,0
473.22,21.82,0,HEAT,OK,30.0,0,0
473.77,21.81,0,HEAT,OK,30.0,0,0
474.33,21.81,0,HEAT,OK,30.0,0,0
474.88,21.81,0,HEAT,OK,30.0,0,0
475.44,21.81,0,HEAT,OK,30.0,0,0
475.99,21.81,0,HEAT,OK,30.0,0,0
476.54,21.8,0,HEAT,OK,30.0,0,0
477.1,21.8,0,HEAT,OK,30.0,0,0
477.65,21.8,0,HEAT,OK,30.0,0,0
478.21,21.79,0,HEAT,OK,30.0,0,0
478.76,21.79,0,HEAT,OK,30.0,0,0
479.31,21.79,0,HEAT,OK,30.0,0,0
479.87,21.79,0,HEAT,OK,30.0,0,0
480.42,21.78,0,HEAT,OK,30.0,0,0
480.98,21.78,0,HEAT,OK,30.0,0,0
481.53,21.78,0,HEAT,OK,30.0,0,0
482.08,21.78,0,HEAT,OK,30.0,0,0
482.64,21.78,0,HEAT,OK,30.0,0,0
483.19,21.78,0,HEAT,OK,30.0,0,0
483.75,21.77,0,HEAT,OK,30.0,0,0
484.3,21.78,0,HEAT,OK,30.0,0,0
484.85,21.78,0,HEAT,OK,30.0,0,0
485.41,21.76,0,HEAT,OK,30.0,0,0
485.96,21.77,0,HEAT,OK,30.0,0,0
486.52,21.77,0,HEAT,OK,30.0,0,0
487.07,21.77,0,HEAT,OK,30.0,0,0
487.63,21.76,0,HEAT,OK,30.0,0,0
488.18,21.77,0,HEAT,OK,30.0,0,0
488.73,21.77,0,HEAT,OK,30.0,0,0
489.29,21.77,0,HEAT,OK,30.0,0,0
489.84,21.76,0,HEAT,OK,30.0,0,0
490.39,21.76,0,HEAT,OK,30.0,0,0
490.95,21.77,0,HEAT,OK,30.0,0,0
491.5,21.76,0,HEAT,OK,30.0,0,0
492.06,21.76,0,HEAT,OK,30.0,0,0
492.61,21.76,0,HEAT,OK,30.0,0,0
493.17,21.76,0,HEAT,OK,30.0,0,0
493.72,21.76,0,HEAT,OK,30.0,0,0
494.27,21.76,0,HEAT,OK,30.0,0,0
494.83,21.75,0,HEAT,OK,30.0,0,0
495.38,21.75,0,HEAT,OK,30.0,0,0
